District,Name,Party,#,District Wiki URL,Person Wiki URL,Vote on Laken Riley,Vote on Laken Riley Notes,Vote on Laken Riley Points,Vote on H.R.1968,Vote on 1968 Points,,,Sum
Alabama 1,Barry Moore,Republican,2,https://en.wikipedia.org/wiki/Alabama%27s_1st_congressional_district,https://en.wikipedia.org/wiki/Barry_Moore_(American_politician),Yea,,-1,Yea,-1,,,-2
Alabama 2,Shomari Figures,Democratic,3,https://en.wikipedia.org/wiki/Alabama%27s_2nd_congressional_district,https://en.wikipedia.org/wiki/Shomari_Figures,Yea,,-1,Nay,1,,,0
Alabama 3,Mike Rogers,Republican,4,https://en.wikipedia.org/wiki/Alabama%27s_3rd_congressional_district,https://en.wikipedia.org/wiki/Mike_Rogers_(Alabama_politician),Yea,,-1,Yea,-1,,,-2
Alabama 4,Robert Aderholt,Republican,5,https://en.wikipedia.org/wiki/Alabama%27s_4th_congressional_district,https://en.wikipedia.org/wiki/Robert_Aderholt,Yea,,-1,Yea,-1,,,-2
Alabama 5,Dale Strong,Republican,6,https://en.wikipedia.org/wiki/Alabama%27s_5th_congressional_district,https://en.wikipedia.org/wiki/Dale_Strong,Yea,,-1,Yea,-1,,,-2
Alabama 6,Gary Palmer,Republican,7,https://en.wikipedia.org/wiki/Alabama%27s_6th_congressional_district,https://en.wikipedia.org/wiki/Gary_Palmer_(politician),Yea,,-1,Yea,-1,,,-2
Alabama 7,Terri Sewell,Democratic,8,https://en.wikipedia.org/wiki/Alabama%27s_7th_congressional_district,https://en.wikipedia.org/wiki/Terri_Sewell,Yea,,-1,Nay,1,,,0
Alaska at-large,Nick Begich III,Republican,9,https://en.wikipedia.org/wiki/Alaska%27s_at-large_congressional_district,https://en.wikipedia.org/wiki/Nick_Begich_III,Yea,,-1,Yea,-1,,,-2
Arizona 1,David Schweikert,Republican,10,https://en.wikipedia.org/wiki/Arizona%27s_1st_congressional_district,https://en.wikipedia.org/wiki/David_Schweikert,Yea,,-1,Yea,-1,,,-2
Arizona 2,Eli Crane,Republican,11,https://en.wikipedia.org/wiki/Arizona%27s_2nd_congressional_district,https://en.wikipedia.org/wiki/Eli_Crane,Yea,,-1,Yea,-1,,,-2
Arizona 3,Yassamin Ansari,Democratic,12,https://en.wikipedia.org/wiki/Arizona%27s_3rd_congressional_district,https://en.wikipedia.org/wiki/Yassamin_Ansari,Nay,,1,Nay,1,,,2
Arizona 4,Greg Stanton,Democratic,13,https://en.wikipedia.org/wiki/Arizona%27s_4th_congressional_district,https://en.wikipedia.org/wiki/Greg_Stanton,Yea,,-1,Nay,1,,,0
Arizona 5,Andy Biggs,Republican,14,https://en.wikipedia.org/wiki/Arizona%27s_5th_congressional_district,https://en.wikipedia.org/wiki/Andy_Biggs,Yea,,-1,Yea,-1,,,-2
Arizona 6,Juan Ciscomani,Republican,15,https://en.wikipedia.org/wiki/Arizona%27s_6th_congressional_district,https://en.wikipedia.org/wiki/Juan_Ciscomani,Yea,,-1,Yea,-1,,,-2
Arizona 7,Raúl Grijalva,Democratic,16,https://en.wikipedia.org/wiki/Arizona%27s_7th_congressional_district,https://en.wikipedia.org/wiki/Ra%C3%BAl_Grijalva,Not Voting,,0,Not Voting,0,,,0
Arizona 8,Abraham Hamadeh,Republican,17,https://en.wikipedia.org/wiki/Arizona%27s_8th_congressional_district,https://en.wikipedia.org/wiki/Abraham_Hamadeh,Yea,,-1,Yea,-1,,,-2
Arizona 9,Paul Gosar,Republican,18,https://en.wikipedia.org/wiki/Arizona%27s_9th_congressional_district,https://en.wikipedia.org/wiki/Paul_Gosar,Yea,,-1,Yea,-1,,,-2
Arkansas 1,Rick Crawford,Republican,19,https://en.wikipedia.org/wiki/Arkansas%27s_1st_congressional_district,https://en.wikipedia.org/wiki/Rick_Crawford_(politician),Yea,,-1,Yea,-1,,,-2
Arkansas 2,French Hill,Republican,20,https://en.wikipedia.org/wiki/Arkansas%27s_2nd_congressional_district,https://en.wikipedia.org/wiki/French_Hill_(politician),Yea,,-1,Yea,-1,,,-2
Arkansas 3,Steve Womack,Republican,21,https://en.wikipedia.org/wiki/Arkansas%27s_3rd_congressional_district,https://en.wikipedia.org/wiki/Steve_Womack,Yea,,-1,Yea,-1,,,-2
Arkansas 4,Bruce Westerman,Republican,22,https://en.wikipedia.org/wiki/Arkansas%27s_4th_congressional_district,https://en.wikipedia.org/wiki/Bruce_Westerman,Yea,,-1,Yea,-1,,,-2
California 1,Doug LaMalfa,Republican,23,https://en.wikipedia.org/wiki/California%27s_1st_congressional_district,https://en.wikipedia.org/wiki/Doug_LaMalfa,Yea,,-1,Yea,-1,,,-2
California 2,Jared Huffman,Democratic,24,https://en.wikipedia.org/wiki/California%27s_2nd_congressional_district,https://en.wikipedia.org/wiki/Jared_Huffman,Nay,,1,Nay,1,,,2
California 3,Kevin Kiley,Republican,25,https://en.wikipedia.org/wiki/California%27s_3rd_congressional_district,https://en.wikipedia.org/wiki/Kevin_Kiley_(politician),Yea,,-1,Yea,-1,,,-2
California 4,Mike Thompson,Democratic,26,https://en.wikipedia.org/wiki/California%27s_4th_congressional_district,https://en.wikipedia.org/wiki/Mike_Thompson_(California_politician),Nay,,1,Nay,1,,,2
California 5,Tom McClintock,Republican,27,https://en.wikipedia.org/wiki/California%27s_5th_congressional_district,https://en.wikipedia.org/wiki/Tom_McClintock,Yea,,-1,Yea,-1,,,-2
California 6,Ami Bera,Democratic,28,https://en.wikipedia.org/wiki/California%27s_6th_congressional_district,https://en.wikipedia.org/wiki/Ami_Bera,Nay,,1,Nay,1,,,2
California 7,Doris Matsui,Democratic,29,https://en.wikipedia.org/wiki/California%27s_7th_congressional_district,https://en.wikipedia.org/wiki/Doris_Matsui,Nay,,1,Nay,1,,,2
California 8,John Garamendi,Democratic,30,https://en.wikipedia.org/wiki/California%27s_8th_congressional_district,https://en.wikipedia.org/wiki/John_Garamendi,Not Voting,,0,Nay,1,,,1
California 9,Josh Harder,Democratic,31,https://en.wikipedia.org/wiki/California%27s_9th_congressional_district,https://en.wikipedia.org/wiki/Josh_Harder,Yea,,-1,Nay,1,,,0
California 10,Mark DeSaulnier,Democratic,32,https://en.wikipedia.org/wiki/California%27s_10th_congressional_district,https://en.wikipedia.org/wiki/Mark_DeSaulnier,Nay,,1,Nay,1,,,2
California 11,Nancy Pelosi,Democratic,33,https://en.wikipedia.org/wiki/California%27s_11th_congressional_district,https://en.wikipedia.org/wiki/Nancy_Pelosi,Not Voting,,0,Nay,1,,,1
California 12,Lateefah Simon,Democratic,34,https://en.wikipedia.org/wiki/California%27s_12th_congressional_district,https://en.wikipedia.org/wiki/Lateefah_Simon,Nay,,1,Nay,1,,,2
California 13,Adam Gray,Democratic,35,https://en.wikipedia.org/wiki/California%27s_13th_congressional_district,https://en.wikipedia.org/wiki/Adam_Gray,Yea,,-1,Nay,1,,,0
California 14,Eric Swalwell,Democratic,36,https://en.wikipedia.org/wiki/California%27s_14th_congressional_district,https://en.wikipedia.org/wiki/Eric_Swalwell,Nay,,1,Nay,1,,,2
California 15,Kevin Mullin,Democratic,37,https://en.wikipedia.org/wiki/California%27s_15th_congressional_district,https://en.wikipedia.org/wiki/Kevin_Mullin,Nay,,1,Nay,1,,,2
California 16,Sam Liccardo,Democratic,38,https://en.wikipedia.org/wiki/California%27s_16th_congressional_district,https://en.wikipedia.org/wiki/Sam_Liccardo,Nay,,1,Nay,1,,,2
California 17,Ro Khanna,Democratic,39,https://en.wikipedia.org/wiki/California%27s_17th_congressional_district,https://en.wikipedia.org/wiki/Ro_Khanna,Nay,,1,Nay,1,,,2
California 18,Zoe Lofgren,Democratic,40,https://en.wikipedia.org/wiki/California%27s_18th_congressional_district,https://en.wikipedia.org/wiki/Zoe_Lofgren,Nay,,1,Nay,1,,,2
California 19,Jimmy Panetta,Democratic,41,https://en.wikipedia.org/wiki/California%27s_19th_congressional_district,https://en.wikipedia.org/wiki/Jimmy_Panetta,Nay,,1,Nay,1,,,2
California 20,Vince Fong,Republican,42,https://en.wikipedia.org/wiki/California%27s_20th_congressional_district,https://en.wikipedia.org/wiki/Vince_Fong,Yea,,-1,Yea,-1,,,-2
California 21,Jim Costa,Democratic,43,https://en.wikipedia.org/wiki/California%27s_21st_congressional_district,https://en.wikipedia.org/wiki/Jim_Costa,Yea,,-1,Nay,1,,,0
California 22,David Valadao,Republican,44,https://en.wikipedia.org/wiki/California%27s_22nd_congressional_district,https://en.wikipedia.org/wiki/David_Valadao,Yea,,-1,Yea,-1,,,-2
California 23,Jay Obernolte,Republican,45,https://en.wikipedia.org/wiki/California%27s_23rd_congressional_district,https://en.wikipedia.org/wiki/Jay_Obernolte,Yea,,-1,Yea,-1,,,-2
California 24,Salud Carbajal,Democratic,46,https://en.wikipedia.org/wiki/California%27s_24th_congressional_district,https://en.wikipedia.org/wiki/Salud_Carbajal,Nay,,1,Nay,1,,,2
California 25,Raul Ruiz,Democratic,47,https://en.wikipedia.org/wiki/California%27s_25th_congressional_district,https://en.wikipedia.org/wiki/Raul_Ruiz_(politician),Nay,,1,Nay,1,,,2
California 26,Julia Brownley,Democratic,48,https://en.wikipedia.org/wiki/California%27s_26th_congressional_district,https://en.wikipedia.org/wiki/Julia_Brownley,Nay,,1,Nay,1,,,2
California 27,George Whitesides,Democratic,49,https://en.wikipedia.org/wiki/California%27s_27th_congressional_district,https://en.wikipedia.org/wiki/George_T._Whitesides,Not Voting,,0,Nay,1,,,1
California 28,Judy Chu,Democratic,50,https://en.wikipedia.org/wiki/California%27s_28th_congressional_district,https://en.wikipedia.org/wiki/Judy_Chu,Nay,,1,Nay,1,,,2
California 29,Luz Rivas,Democratic,51,https://en.wikipedia.org/wiki/California%27s_29th_congressional_district,https://en.wikipedia.org/wiki/Luz_Rivas,Nay,,1,Nay,1,,,2
California 30,Laura Friedman,Democratic,52,https://en.wikipedia.org/wiki/California%27s_30th_congressional_district,https://en.wikipedia.org/wiki/Laura_Friedman,Nay,,1,Nay,1,,,2
California 31,Gil Cisneros,Democratic,53,https://en.wikipedia.org/wiki/California%27s_31st_congressional_district,https://en.wikipedia.org/wiki/Gil_Cisneros,Nay,,1,Nay,1,,,2
California 32,Brad Sherman,Democratic,54,https://en.wikipedia.org/wiki/California%27s_32nd_congressional_district,https://en.wikipedia.org/wiki/Brad_Sherman,Nay,,1,Nay,1,,,2
California 33,Pete Aguilar,Democratic,55,https://en.wikipedia.org/wiki/California%27s_33rd_congressional_district,https://en.wikipedia.org/wiki/Pete_Aguilar,Nay,,1,Nay,1,,,2
California 34,Jimmy Gomez,Democratic,56,https://en.wikipedia.org/wiki/California%27s_34th_congressional_district,https://en.wikipedia.org/wiki/Jimmy_Gomez,Nay,,1,Nay,1,,,2
California 35,Norma Torres,Democratic,57,https://en.wikipedia.org/wiki/California%27s_35th_congressional_district,https://en.wikipedia.org/wiki/Norma_Torres,Nay,,1,Nay,1,,,2
California 36,Ted Lieu,Democratic,58,https://en.wikipedia.org/wiki/California%27s_36th_congressional_district,https://en.wikipedia.org/wiki/Ted_Lieu,Nay,,1,Nay,1,,,2
California 37,Sydney Kamlager-Dove,Democratic,59,https://en.wikipedia.org/wiki/California%27s_37th_congressional_district,https://en.wikipedia.org/wiki/Sydney_Kamlager-Dove,Nay,,1,Nay,1,,,2
California 38,Linda Sánchez,Democratic,60,https://en.wikipedia.org/wiki/California%27s_38th_congressional_district,https://en.wikipedia.org/wiki/Linda_S%C3%A1nchez,Nay,,1,Nay,1,,,2
California 39,Mark Takano,Democratic,61,https://en.wikipedia.org/wiki/California%27s_39th_congressional_district,https://en.wikipedia.org/wiki/Mark_Takano,Nay,,1,Nay,1,,,2
California 40,Young Kim,Republican,62,https://en.wikipedia.org/wiki/California%27s_40th_congressional_district,https://en.wikipedia.org/wiki/Young_Kim,Yea,,-1,Yea,-1,,,-2
California 41,Ken Calvert,Republican,63,https://en.wikipedia.org/wiki/California%27s_41st_congressional_district,https://en.wikipedia.org/wiki/Ken_Calvert,Yea,,-1,Yea,-1,,,-2
California 42,Robert Garcia,Democratic,64,https://en.wikipedia.org/wiki/California%27s_42nd_congressional_district,https://en.wikipedia.org/wiki/Robert_Garcia_(California_politician),Nay,,1,Nay,1,,,2
California 43,Maxine Waters,Democratic,65,https://en.wikipedia.org/wiki/California%27s_43rd_congressional_district,https://en.wikipedia.org/wiki/Maxine_Waters,Not Voting,,0,Nay,1,,,1
California 44,Nanette Barragán,Democratic,66,https://en.wikipedia.org/wiki/California%27s_44th_congressional_district,https://en.wikipedia.org/wiki/Nanette_Barrag%C3%A1n,Nay,,1,Nay,1,,,2
California 45,Derek Tran,Democratic,67,https://en.wikipedia.org/wiki/California%27s_45th_congressional_district,https://en.wikipedia.org/wiki/Derek_Tran,Yea,,-1,Nay,1,,,0
California 46,Lou Correa,Democratic,68,https://en.wikipedia.org/wiki/California%27s_46th_congressional_district,https://en.wikipedia.org/wiki/Lou_Correa,Not Voting,,0,Nay,1,,,1
California 47,Dave Min,Democratic,69,https://en.wikipedia.org/wiki/California%27s_47th_congressional_district,https://en.wikipedia.org/wiki/Dave_Min,Yea,,-1,Nay,1,,,0
California 48,Darrell Issa,Republican,70,https://en.wikipedia.org/wiki/California%27s_48th_congressional_district,https://en.wikipedia.org/wiki/Darrell_Issa,Yea,,-1,Yea,-1,,,-2
California 49,Mike Levin,Democratic,71,https://en.wikipedia.org/wiki/California%27s_49th_congressional_district,https://en.wikipedia.org/wiki/Mike_Levin,Yea,,-1,Nay,1,,,0
California 50,Scott Peters,Democratic,72,https://en.wikipedia.org/wiki/California%27s_50th_congressional_district,https://en.wikipedia.org/wiki/Scott_Peters_(politician),Nay,,1,Nay,1,,,2
California 51,Sara Jacobs,Democratic,73,https://en.wikipedia.org/wiki/California%27s_51st_congressional_district,https://en.wikipedia.org/wiki/Sara_Jacobs,Nay,,1,Nay,1,,,2
California 52,Juan Vargas,Democratic,74,https://en.wikipedia.org/wiki/California%27s_52nd_congressional_district,https://en.wikipedia.org/wiki/Juan_Vargas,Nay,,1,Nay,1,,,2
Colorado 1,Diana DeGette,Democratic,75,https://en.wikipedia.org/wiki/Colorado%27s_1st_congressional_district,https://en.wikipedia.org/wiki/Diana_DeGette,Nay,,1,Nay,1,,,2
Colorado 2,Joe Neguse,Democratic,76,https://en.wikipedia.org/wiki/Colorado%27s_2nd_congressional_district,https://en.wikipedia.org/wiki/Joe_Neguse,Nay,,1,Nay,1,,,2
Colorado 3,Jeff Hurd,Republican,77,https://en.wikipedia.org/wiki/Colorado%27s_3rd_congressional_district,https://en.wikipedia.org/wiki/Jeff_Hurd_(politician),Yea,,-1,Yea,-1,,,-2
Colorado 4,Lauren Boebert,Republican,78,https://en.wikipedia.org/wiki/Colorado%27s_4th_congressional_district,https://en.wikipedia.org/wiki/Lauren_Boebert,Yea,,-1,Yea,-1,,,-2
Colorado 5,Jeff Crank,Republican,79,https://en.wikipedia.org/wiki/Colorado%27s_5th_congressional_district,https://en.wikipedia.org/wiki/Jeff_Crank,Yea,,-1,Yea,-1,,,-2
Colorado 6,Jason Crow,Democratic,80,https://en.wikipedia.org/wiki/Colorado%27s_6th_congressional_district,https://en.wikipedia.org/wiki/Jason_Crow,Nay,,1,Nay,1,,,2
Colorado 7,Brittany Pettersen,Democratic,81,https://en.wikipedia.org/wiki/Colorado%27s_7th_congressional_district,https://en.wikipedia.org/wiki/Brittany_Pettersen,Not Voting,,0,Nay,1,,,1
Colorado 8,Gabe Evans,Republican,82,https://en.wikipedia.org/wiki/Colorado%27s_8th_congressional_district,https://en.wikipedia.org/wiki/Gabe_Evans,Yea,,-1,Yea,-1,,,-2
Connecticut 1,John B. Larson,Democratic,83,https://en.wikipedia.org/wiki/Connecticut%27s_1st_congressional_district,https://en.wikipedia.org/wiki/John_B._Larson,Nay,,1,Nay,1,,,2
Connecticut 2,Joe Courtney,Democratic,84,https://en.wikipedia.org/wiki/Connecticut%27s_2nd_congressional_district,https://en.wikipedia.org/wiki/Joe_Courtney_(politician),Yea,,-1,Nay,1,,,0
Connecticut 3,Rosa DeLauro,Democratic,85,https://en.wikipedia.org/wiki/Connecticut%27s_3rd_congressional_district,https://en.wikipedia.org/wiki/Rosa_DeLauro,Nay,,1,Nay,1,,,2
Connecticut 4,Jim Himes,Democratic,86,https://en.wikipedia.org/wiki/Connecticut%27s_4th_congressional_district,https://en.wikipedia.org/wiki/Jim_Himes,Nay,,1,Nay,1,,,2
Connecticut 5,Jahana Hayes,Democratic,87,https://en.wikipedia.org/wiki/Connecticut%27s_5th_congressional_district,https://en.wikipedia.org/wiki/Jahana_Hayes,Yea,,-1,Nay,1,,,0
Delaware at-large,Sarah McBride,Democratic,88,https://en.wikipedia.org/wiki/Delaware%27s_at-large_congressional_district,https://en.wikipedia.org/wiki/Sarah_McBride,Nay,,1,Nay,1,,,2
Florida 1,Vacant,Vacant,89,https://en.wikipedia.org/wiki/Florida%27s_1st_congressional_district,,,,0,Nay,1,,,1
Florida 2,Neal Dunn,Republican,90,https://en.wikipedia.org/wiki/Florida%27s_2nd_congressional_district,https://en.wikipedia.org/wiki/Neal_Dunn,Yea,,-1,Yea,-1,,,-2
Florida 3,Kat Cammack,Republican,91,https://en.wikipedia.org/wiki/Florida%27s_3rd_congressional_district,https://en.wikipedia.org/wiki/Kat_Cammack,Yea,,-1,Yea,-1,,,-2
Florida 4,Aaron Bean,Republican,92,https://en.wikipedia.org/wiki/Florida%27s_4th_congressional_district,https://en.wikipedia.org/wiki/Aaron_Bean,Yea,,-1,Yea,-1,,,-2
Florida 5,John Rutherford,Republican,93,https://en.wikipedia.org/wiki/Florida%27s_5th_congressional_district,https://en.wikipedia.org/wiki/John_Rutherford_(Florida_politician),Yea,,-1,Yea,-1,,,-2
Florida 6,Vacant,Vacant,94,https://en.wikipedia.org/wiki/Florida%27s_6th_congressional_district,,,,0,Nay,1,,,1
Florida 7,Cory Mills,Republican,95,https://en.wikipedia.org/wiki/Florida%27s_7th_congressional_district,https://en.wikipedia.org/wiki/Cory_Mills,Yea,,-1,Yea,-1,,,-2
Florida 8,Mike Haridopolos,Republican,96,https://en.wikipedia.org/wiki/Florida%27s_8th_congressional_district,https://en.wikipedia.org/wiki/Mike_Haridopolos,Yea,,-1,Yea,-1,,,-2
Florida 9,Darren Soto,Democratic,97,https://en.wikipedia.org/wiki/Florida%27s_9th_congressional_district,https://en.wikipedia.org/wiki/Darren_Soto,Nay,,1,Nay,1,,,2
Florida 10,Maxwell Frost,Democratic,98,https://en.wikipedia.org/wiki/Florida%27s_10th_congressional_district,https://en.wikipedia.org/wiki/Maxwell_Frost,Nay,,1,Nay,1,,,2
Florida 11,Daniel Webster,Republican,99,https://en.wikipedia.org/wiki/Florida%27s_11th_congressional_district,https://en.wikipedia.org/wiki/Daniel_Webster_(Florida_politician),Yea,,-1,Yea,-1,,,-2
Florida 12,Gus Bilirakis,Republican,100,https://en.wikipedia.org/wiki/Florida%27s_12th_congressional_district,https://en.wikipedia.org/wiki/Gus_Bilirakis,Yea,,-1,Yea,-1,,,-2
Florida 13,Anna Paulina Luna,Republican,101,https://en.wikipedia.org/wiki/Florida%27s_13th_congressional_district,https://en.wikipedia.org/wiki/Anna_Paulina_Luna,Yea,,-1,Yea,-1,,,-2
Florida 14,Kathy Castor,Democratic,102,https://en.wikipedia.org/wiki/Florida%27s_14th_congressional_district,https://en.wikipedia.org/wiki/Kathy_Castor,Nay,,1,Nay,1,,,2
Florida 15,Laurel Lee,Republican,103,https://en.wikipedia.org/wiki/Florida%27s_15th_congressional_district,https://en.wikipedia.org/wiki/Laurel_Lee,Yea,,-1,Yea,-1,,,-2
Florida 16,Vern Buchanan,Republican,104,https://en.wikipedia.org/wiki/Florida%27s_16th_congressional_district,https://en.wikipedia.org/wiki/Vern_Buchanan,Yea,,-1,Yea,-1,,,-2
Florida 17,Greg Steube,Republican,105,https://en.wikipedia.org/wiki/Florida%27s_17th_congressional_district,https://en.wikipedia.org/wiki/Greg_Steube,Yea,,-1,Yea,-1,,,-2
Florida 18,Scott Franklin,Republican,106,https://en.wikipedia.org/wiki/Florida%27s_18th_congressional_district,https://en.wikipedia.org/wiki/Scott_Franklin_(politician),Yea,,-1,Yea,-1,,,-2
Florida 19,Byron Donalds,Republican,107,https://en.wikipedia.org/wiki/Florida%27s_19th_congressional_district,https://en.wikipedia.org/wiki/Byron_Donalds,Yea,,-1,Yea,-1,,,-2
Florida 20,Sheila Cherfilus-McCormick,Democratic,108,https://en.wikipedia.org/wiki/Florida%27s_20th_congressional_district,https://en.wikipedia.org/wiki/Sheila_Cherfilus-McCormick,Nay,,1,Nay,1,,,2
Florida 21,Brian Mast,Republican,109,https://en.wikipedia.org/wiki/Florida%27s_21st_congressional_district,https://en.wikipedia.org/wiki/Brian_Mast,Yea,,-1,Yea,-1,,,-2
Florida 22,Lois Frankel,Democratic,110,https://en.wikipedia.org/wiki/Florida%27s_22nd_congressional_district,https://en.wikipedia.org/wiki/Lois_Frankel,Nay,,1,Nay,1,,,2
Florida 23,Jared Moskowitz,Democratic,111,https://en.wikipedia.org/wiki/Florida%27s_23rd_congressional_district,https://en.wikipedia.org/wiki/Jared_Moskowitz,Yea,,-1,Nay,1,,,0
Florida 24,Frederica Wilson,Democratic,112,https://en.wikipedia.org/wiki/Florida%27s_24th_congressional_district,https://en.wikipedia.org/wiki/Frederica_Wilson,Nay,,1,Nay,1,,,2
Florida 25,Debbie Wasserman Schultz,Democratic,113,https://en.wikipedia.org/wiki/Florida%27s_25th_congressional_district,https://en.wikipedia.org/wiki/Debbie_Wasserman_Schultz,Nay,,1,Nay,1,,,2
Florida 26,Mario Díaz-Balart,Republican,114,https://en.wikipedia.org/wiki/Florida%27s_26th_congressional_district,https://en.wikipedia.org/wiki/Mario_D%C3%ADaz-Balart,Yea,,-1,Yea,-1,,,-2
Florida 27,María Elvira Salazar,Republican,115,https://en.wikipedia.org/wiki/Florida%27s_27th_congressional_district,https://en.wikipedia.org/wiki/Mar%C3%ADa_Elvira_Salazar,Yea,,-1,Yea,-1,,,-2
Florida 28,Carlos Giménez,Republican,116,https://en.wikipedia.org/wiki/Florida%27s_28th_congressional_district,https://en.wikipedia.org/wiki/Carlos_A._Gim%C3%A9nez,Yea,,-1,Yea,-1,,,-2
Georgia 1,Buddy Carter,Republican,117,https://en.wikipedia.org/wiki/Georgia%27s_1st_congressional_district,https://en.wikipedia.org/wiki/Buddy_Carter,Yea,,-1,Yea,-1,,,-2
Georgia 2,Sanford Bishop,Democratic,118,https://en.wikipedia.org/wiki/Georgia%27s_2nd_congressional_district,https://en.wikipedia.org/wiki/Sanford_Bishop,Yea,,-1,Nay,1,,,0
Georgia 3,Brian Jack,Republican,119,https://en.wikipedia.org/wiki/Georgia%27s_3rd_congressional_district,https://en.wikipedia.org/wiki/Brian_Jack,Yea,,-1,Yea,-1,,,-2
Georgia 4,Hank Johnson,Democratic,120,https://en.wikipedia.org/wiki/Georgia%27s_4th_congressional_district,https://en.wikipedia.org/wiki/Hank_Johnson,Nay,,1,Nay,1,,,2
Georgia 5,Nikema Williams,Democratic,121,https://en.wikipedia.org/wiki/Georgia%27s_5th_congressional_district,https://en.wikipedia.org/wiki/Nikema_Williams,Nay,,1,Nay,1,,,2
Georgia 6,Lucy McBath,Democratic,122,https://en.wikipedia.org/wiki/Georgia%27s_6th_congressional_district,https://en.wikipedia.org/wiki/Lucy_McBath,Yea,,-1,Nay,1,,,0
Georgia 7,Rich McCormick,Republican,123,https://en.wikipedia.org/wiki/Georgia%27s_7th_congressional_district,https://en.wikipedia.org/wiki/Rich_McCormick,Yea,,-1,Yea,-1,,,-2
Georgia 8,Austin Scott,Republican,124,https://en.wikipedia.org/wiki/Georgia%27s_8th_congressional_district,https://en.wikipedia.org/wiki/Austin_Scott_(politician),Yea,,-1,Yea,-1,,,-2
Georgia 9,Andrew Clyde,Republican,125,https://en.wikipedia.org/wiki/Georgia%27s_9th_congressional_district,https://en.wikipedia.org/wiki/Andrew_Clyde,Yea,,-1,Yea,-1,,,-2
Georgia 10,Mike Collins,Republican,126,https://en.wikipedia.org/wiki/Georgia%27s_10th_congressional_district,https://en.wikipedia.org/wiki/Mike_Collins_(politician),Yea,,-1,Yea,-1,,,-2
Georgia 11,Barry Loudermilk,Republican,127,https://en.wikipedia.org/wiki/Georgia%27s_11th_congressional_district,https://en.wikipedia.org/wiki/Barry_Loudermilk,Yea,,-1,Yea,-1,,,-2
Georgia 12,Rick Allen,Republican,128,https://en.wikipedia.org/wiki/Georgia%27s_12th_congressional_district,https://en.wikipedia.org/wiki/Rick_Allen_(politician),Yea,,-1,Yea,-1,,,-2
Georgia 13,David Scott,Democratic,129,https://en.wikipedia.org/wiki/Georgia%27s_13th_congressional_district,https://en.wikipedia.org/wiki/David_Scott_(Georgia_politician),Nay,,1,Nay,1,,,2
Georgia 14,Marjorie Taylor Greene,Republican,130,https://en.wikipedia.org/wiki/Georgia%27s_14th_congressional_district,https://en.wikipedia.org/wiki/Marjorie_Taylor_Greene,Yea,,-1,Yea,-1,,,-2
Hawaii 1,Ed Case,Democratic,131,https://en.wikipedia.org/wiki/Hawaii%27s_1st_congressional_district,https://en.wikipedia.org/wiki/Ed_Case,Nay,,1,Nay,1,,,2
Hawaii 2,Jill Tokuda,Democratic,132,https://en.wikipedia.org/wiki/Hawaii%27s_2nd_congressional_district,https://en.wikipedia.org/wiki/Jill_Tokuda,Nay,,1,Nay,1,,,2
Idaho 1,Russ Fulcher,Republican,133,https://en.wikipedia.org/wiki/Idaho%27s_1st_congressional_district,https://en.wikipedia.org/wiki/Russ_Fulcher,Yea,,-1,Yea,-1,,,-2
Idaho 2,Mike Simpson,Republican,134,https://en.wikipedia.org/wiki/Idaho%27s_2nd_congressional_district,https://en.wikipedia.org/wiki/Mike_Simpson,Yea,,-1,Yea,-1,,,-2
Illinois 1,Jonathan Jackson,Democratic,135,https://en.wikipedia.org/wiki/Illinois%27s_1st_congressional_district,https://en.wikipedia.org/wiki/Jonathan_Jackson_(Illinois_politician),Nay,,1,Nay,1,,,2
Illinois 2,Robin Kelly,Democratic,136,https://en.wikipedia.org/wiki/Illinois%27s_2nd_congressional_district,https://en.wikipedia.org/wiki/Robin_Kelly,Nay,,1,Nay,1,,,2
Illinois 3,Delia Ramirez,Democratic,137,https://en.wikipedia.org/wiki/Illinois%27s_3rd_congressional_district,https://en.wikipedia.org/wiki/Delia_Ramirez,Nay,,1,Nay,1,,,2
Illinois 4,Chuy García,Democratic,138,https://en.wikipedia.org/wiki/Illinois%27s_4th_congressional_district,https://en.wikipedia.org/wiki/Chuy_Garc%C3%ADa,Nay,,1,Nay,1,,,2
Illinois 5,Mike Quigley,Democratic,139,https://en.wikipedia.org/wiki/Illinois%27s_5th_congressional_district,https://en.wikipedia.org/wiki/Mike_Quigley,Nay,,1,Nay,1,,,2
Illinois 6,Sean Casten,Democratic,140,https://en.wikipedia.org/wiki/Illinois%27s_6th_congressional_district,https://en.wikipedia.org/wiki/Sean_Casten,Nay,,1,Nay,1,,,2
Illinois 7,Danny Davis,Democratic,141,https://en.wikipedia.org/wiki/Illinois%27s_7th_congressional_district,https://en.wikipedia.org/wiki/Danny_Davis_(Illinois_politician),Nay,,1,Nay,1,,,2
Illinois 8,Raja Krishnamoorthi,Democratic,142,https://en.wikipedia.org/wiki/Illinois%27s_8th_congressional_district,https://en.wikipedia.org/wiki/Raja_Krishnamoorthi,Nay,,1,Nay,1,,,2
Illinois 9,Jan Schakowsky,Democratic,143,https://en.wikipedia.org/wiki/Illinois%27s_9th_congressional_district,https://en.wikipedia.org/wiki/Jan_Schakowsky,Nay,,1,Nay,1,,,2
Illinois 10,Brad Schneider,Democratic,144,https://en.wikipedia.org/wiki/Illinois%27s_10th_congressional_district,https://en.wikipedia.org/wiki/Brad_Schneider,Not Voting,,0,Nay,1,,,1
Illinois 11,Bill Foster,Democratic,145,https://en.wikipedia.org/wiki/Illinois%27s_11th_congressional_district,https://en.wikipedia.org/wiki/Bill_Foster_(politician),Nay,,1,Nay,1,,,2
Illinois 12,Mike Bost,Republican,146,https://en.wikipedia.org/wiki/Illinois%27s_12th_congressional_district,https://en.wikipedia.org/wiki/Mike_Bost,Yea,,-1,Yea,-1,,,-2
Illinois 13,Nikki Budzinski,Democratic,147,https://en.wikipedia.org/wiki/Illinois%27s_13th_congressional_district,https://en.wikipedia.org/wiki/Nikki_Budzinski,Yea,,-1,Nay,1,,,0
Illinois 14,Lauren Underwood,Democratic,148,https://en.wikipedia.org/wiki/Illinois%27s_14th_congressional_district,https://en.wikipedia.org/wiki/Lauren_Underwood,Nay,,1,Nay,1,,,2
Illinois 15,Mary Miller,Republican,149,https://en.wikipedia.org/wiki/Illinois%27s_15th_congressional_district,https://en.wikipedia.org/wiki/Mary_Miller_(politician),Yea,,-1,Yea,-1,,,-2
Illinois 16,Darin LaHood,Republican,150,https://en.wikipedia.org/wiki/Illinois%27s_16th_congressional_district,https://en.wikipedia.org/wiki/Darin_LaHood,Yea,,-1,Yea,-1,,,-2
Illinois 17,Eric Sorensen,Democratic,151,https://en.wikipedia.org/wiki/Illinois%27s_17th_congressional_district,https://en.wikipedia.org/wiki/Eric_Sorensen_(politician),Yea,,-1,Nay,1,,,0
Indiana 1,Frank J. Mrvan,Democratic,152,https://en.wikipedia.org/wiki/Indiana%27s_1st_congressional_district,https://en.wikipedia.org/wiki/Frank_J._Mrvan,Not Voting,,0,Nay,1,,,1
Indiana 2,Rudy Yakym,Republican,153,https://en.wikipedia.org/wiki/Indiana%27s_2nd_congressional_district,https://en.wikipedia.org/wiki/Rudy_Yakym,Yea,,-1,Yea,-1,,,-2
Indiana 3,Marlin Stutzman,Republican,154,https://en.wikipedia.org/wiki/Indiana%27s_3rd_congressional_district,https://en.wikipedia.org/wiki/Marlin_Stutzman,Yea,,-1,Yea,-1,,,-2
Indiana 4,Jim Baird,Republican,155,https://en.wikipedia.org/wiki/Indiana%27s_4th_congressional_district,https://en.wikipedia.org/wiki/Jim_Baird_(American_politician),Yea,,-1,Yea,-1,,,-2
Indiana 5,Victoria Spartz,Republican,156,https://en.wikipedia.org/wiki/Indiana%27s_5th_congressional_district,https://en.wikipedia.org/wiki/Victoria_Spartz,Yea,,-1,Yea,-1,,,-2
Indiana 6,Jefferson Shreve,Republican,157,https://en.wikipedia.org/wiki/Indiana%27s_6th_congressional_district,https://en.wikipedia.org/wiki/Jefferson_Shreve,Yea,,-1,Yea,-1,,,-2
Indiana 7,André Carson,Democratic,158,https://en.wikipedia.org/wiki/Indiana%27s_7th_congressional_district,https://en.wikipedia.org/wiki/Andr%C3%A9_Carson,Nay,,1,Nay,1,,,2
Indiana 8,Mark Messmer,Republican,159,https://en.wikipedia.org/wiki/Indiana%27s_8th_congressional_district,https://en.wikipedia.org/wiki/Mark_Messmer,Yea,,-1,Yea,-1,,,-2
Indiana 9,Erin Houchin,Republican,160,https://en.wikipedia.org/wiki/Indiana%27s_9th_congressional_district,https://en.wikipedia.org/wiki/Erin_Houchin,Yea,,-1,Yea,-1,,,-2
Iowa 1,Mariannette Miller-Meeks,Republican,161,https://en.wikipedia.org/wiki/Iowa%27s_1st_congressional_district,https://en.wikipedia.org/wiki/Mariannette_Miller-Meeks,Yea,,-1,Yea,-1,,,-2
Iowa 2,Ashley Hinson,Republican,162,https://en.wikipedia.org/wiki/Iowa%27s_2nd_congressional_district,https://en.wikipedia.org/wiki/Ashley_Hinson,Yea,,-1,Yea,-1,,,-2
Iowa 3,Zach Nunn,Republican,163,https://en.wikipedia.org/wiki/Iowa%27s_3rd_congressional_district,https://en.wikipedia.org/wiki/Zach_Nunn,Yea,,-1,Yea,-1,,,-2
Iowa 4,Randy Feenstra,Republican,164,https://en.wikipedia.org/wiki/Iowa%27s_4th_congressional_district,https://en.wikipedia.org/wiki/Randy_Feenstra,Yea,,-1,Yea,-1,,,-2
Kansas 1,Tracey Mann,Republican,165,https://en.wikipedia.org/wiki/Kansas%27s_1st_congressional_district,https://en.wikipedia.org/wiki/Tracey_Mann,Yea,,-1,Yea,-1,,,-2
Kansas 2,Derek Schmidt,Republican,166,https://en.wikipedia.org/wiki/Kansas%27s_2nd_congressional_district,https://en.wikipedia.org/wiki/Derek_Schmidt,Yea,,-1,Yea,-1,,,-2
Kansas 3,Sharice Davids,Democratic,167,https://en.wikipedia.org/wiki/Kansas%27s_3rd_congressional_district,https://en.wikipedia.org/wiki/Sharice_Davids,Yea,,-1,Nay,1,,,0
Kansas 4,Ron Estes,Republican,168,https://en.wikipedia.org/wiki/Kansas%27s_4th_congressional_district,https://en.wikipedia.org/wiki/Ron_Estes,Yea,,-1,Yea,-1,,,-2
Kentucky 1,James Comer,Republican,169,https://en.wikipedia.org/wiki/Kentucky%27s_1st_congressional_district,https://en.wikipedia.org/wiki/James_Comer_(politician),Yea,,-1,Yea,-1,,,-2
Kentucky 2,Brett Guthrie,Republican,170,https://en.wikipedia.org/wiki/Kentucky%27s_2nd_congressional_district,https://en.wikipedia.org/wiki/Brett_Guthrie,Yea,,-1,Yea,-1,,,-2
Kentucky 3,Morgan McGarvey,Democratic,171,https://en.wikipedia.org/wiki/Kentucky%27s_3rd_congressional_district,https://en.wikipedia.org/wiki/Morgan_McGarvey,Nay,,1,Nay,1,,,2
Kentucky 4,Thomas Massie,Republican,172,https://en.wikipedia.org/wiki/Kentucky%27s_4th_congressional_district,https://en.wikipedia.org/wiki/Thomas_Massie,Yea,,-1,Yea,-1,,,-2
Kentucky 5,Hal Rogers,Republican,173,https://en.wikipedia.org/wiki/Kentucky%27s_5th_congressional_district,https://en.wikipedia.org/wiki/Hal_Rogers,Yea,,-1,Yea,-1,,,-2
Kentucky 6,Andy Barr,Republican,174,https://en.wikipedia.org/wiki/Kentucky%27s_6th_congressional_district,https://en.wikipedia.org/wiki/Andy_Barr_(American_politician),Yea,,-1,Yea,-1,,,-2
Louisiana 1,Steve Scalise,Republican,175,https://en.wikipedia.org/wiki/Louisiana%27s_1st_congressional_district,https://en.wikipedia.org/wiki/Steve_Scalise,Yea,,-1,Yea,-1,,,-2
Louisiana 2,Troy Carter,Democratic,176,https://en.wikipedia.org/wiki/Louisiana%27s_2nd_congressional_district,https://en.wikipedia.org/wiki/Troy_Carter_(politician),Nay,,1,Nay,1,,,2
Louisiana 3,Clay Higgins,Republican,177,https://en.wikipedia.org/wiki/Louisiana%27s_3rd_congressional_district,https://en.wikipedia.org/wiki/Clay_Higgins,Yea,,-1,Yea,-1,,,-2
Louisiana 4,Mike Johnson,Republican,178,https://en.wikipedia.org/wiki/Louisiana%27s_4th_congressional_district,https://en.wikipedia.org/wiki/Mike_Johnson,Yea,,-1,Yea,-1,,,-2
Louisiana 5,Julia Letlow,Republican,179,https://en.wikipedia.org/wiki/Louisiana%27s_5th_congressional_district,https://en.wikipedia.org/wiki/Julia_Letlow,Yea,,-1,Yea,-1,,,-2
Louisiana 6,Cleo Fields,Democratic,180,https://en.wikipedia.org/wiki/Louisiana%27s_6th_congressional_district,https://en.wikipedia.org/wiki/Cleo_Fields,Nay,,1,Nay,1,,,2
Maine 1,Chellie Pingree,Democratic,181,https://en.wikipedia.org/wiki/Maine%27s_1st_congressional_district,https://en.wikipedia.org/wiki/Chellie_Pingree,Nay,,1,Nay,1,,,2
Maine 2,Jared Golden,Democratic,182,https://en.wikipedia.org/wiki/Maine%27s_2nd_congressional_district,https://en.wikipedia.org/wiki/Jared_Golden,Yea,,-1,Nay,1,,,0
Maryland 1,Andy Harris,Republican,183,https://en.wikipedia.org/wiki/Maryland%27s_1st_congressional_district,https://en.wikipedia.org/wiki/Andy_Harris_(politician),Yea,,-1,Yea,-1,,,-2
Maryland 2,Johnny Olszewski,Democratic,184,https://en.wikipedia.org/wiki/Maryland%27s_2nd_congressional_district,https://en.wikipedia.org/wiki/Johnny_Olszewski,Nay,,1,Nay,1,,,2
Maryland 3,Sarah Elfreth,Democratic,185,https://en.wikipedia.org/wiki/Maryland%27s_3rd_congressional_district,https://en.wikipedia.org/wiki/Sarah_Elfreth,Nay,,1,Nay,1,,,2
Maryland 4,Glenn Ivey,Democratic,186,https://en.wikipedia.org/wiki/Maryland%27s_4th_congressional_district,https://en.wikipedia.org/wiki/Glenn_Ivey,Nay,,1,Nay,1,,,2
Maryland 5,Steny Hoyer,Democratic,187,https://en.wikipedia.org/wiki/Maryland%27s_5th_congressional_district,https://en.wikipedia.org/wiki/Steny_Hoyer,Nay,,1,Nay,1,,,2
Maryland 6,April McClain Delaney,Democratic,188,https://en.wikipedia.org/wiki/Maryland%27s_6th_congressional_district,https://en.wikipedia.org/wiki/April_McClain_Delaney,Yea,,-1,Nay,1,,,0
Maryland 7,Kweisi Mfume,Democratic,189,https://en.wikipedia.org/wiki/Maryland%27s_7th_congressional_district,https://en.wikipedia.org/wiki/Kweisi_Mfume,Nay,,1,Nay,1,,,2
Maryland 8,Jamie Raskin,Democratic,190,https://en.wikipedia.org/wiki/Maryland%27s_8th_congressional_district,https://en.wikipedia.org/wiki/Jamie_Raskin,Nay,,1,Nay,1,,,2
Massachusetts 1,Richard Neal,Democratic,191,https://en.wikipedia.org/wiki/Massachusetts%27s_1st_congressional_district,https://en.wikipedia.org/wiki/Richard_Neal,Nay,,1,Nay,1,,,2
Massachusetts 2,Jim McGovern,Democratic,192,https://en.wikipedia.org/wiki/Massachusetts%27s_2nd_congressional_district,https://en.wikipedia.org/wiki/Jim_McGovern_(American_politician),Nay,,1,Nay,1,,,2
Massachusetts 3,Lori Trahan,Democratic,193,https://en.wikipedia.org/wiki/Massachusetts%27s_3rd_congressional_district,https://en.wikipedia.org/wiki/Lori_Trahan,Nay,,1,Nay,1,,,2
Massachusetts 4,Jake Auchincloss,Democratic,194,https://en.wikipedia.org/wiki/Massachusetts%27s_4th_congressional_district,https://en.wikipedia.org/wiki/Jake_Auchincloss,Nay,,1,Nay,1,,,2
Massachusetts 5,Katherine Clark,Democratic,195,https://en.wikipedia.org/wiki/Massachusetts%27s_5th_congressional_district,https://en.wikipedia.org/wiki/Katherine_Clark,Nay,,1,Nay,1,,,2
Massachusetts 6,Seth Moulton,Democratic,196,https://en.wikipedia.org/wiki/Massachusetts%27s_6th_congressional_district,https://en.wikipedia.org/wiki/Seth_Moulton,Nay,,1,Nay,1,,,2
Massachusetts 7,Ayanna Pressley,Democratic,197,https://en.wikipedia.org/wiki/Massachusetts%27s_7th_congressional_district,https://en.wikipedia.org/wiki/Ayanna_Pressley,Nay,,1,Nay,1,,,2
Massachusetts 8,Stephen F. Lynch,Democratic,198,https://en.wikipedia.org/wiki/Massachusetts%27s_8th_congressional_district,https://en.wikipedia.org/wiki/Stephen_F._Lynch,Yea,,-1,Nay,1,,,0
Massachusetts 9,Bill Keating,Democratic,199,https://en.wikipedia.org/wiki/Massachusetts%27s_9th_congressional_district,https://en.wikipedia.org/wiki/Bill_Keating_(politician),Nay,,1,Nay,1,,,2
Michigan 1,Jack Bergman,Republican,200,https://en.wikipedia.org/wiki/Michigan%27s_1st_congressional_district,https://en.wikipedia.org/wiki/Jack_Bergman,Yea,,-1,Yea,-1,,,-2
Michigan 2,John Moolenaar,Republican,201,https://en.wikipedia.org/wiki/Michigan%27s_2nd_congressional_district,https://en.wikipedia.org/wiki/John_Moolenaar,Yea,,-1,Yea,-1,,,-2
Michigan 3,Hillary Scholten,Democratic,202,https://en.wikipedia.org/wiki/Michigan%27s_3rd_congressional_district,https://en.wikipedia.org/wiki/Hillary_Scholten,Yea,,-1,Nay,1,,,0
Michigan 4,Bill Huizenga,Republican,203,https://en.wikipedia.org/wiki/Michigan%27s_4th_congressional_district,https://en.wikipedia.org/wiki/Bill_Huizenga,Yea,,-1,Yea,-1,,,-2
Michigan 5,Tim Walberg,Republican,204,https://en.wikipedia.org/wiki/Michigan%27s_5th_congressional_district,https://en.wikipedia.org/wiki/Tim_Walberg,Yea,,-1,Yea,-1,,,-2
Michigan 6,Debbie Dingell,Democratic,205,https://en.wikipedia.org/wiki/Michigan%27s_6th_congressional_district,https://en.wikipedia.org/wiki/Debbie_Dingell,Not Voting,,0,Nay,1,,,1
Michigan 7,Tom Barrett,Republican,206,https://en.wikipedia.org/wiki/Michigan%27s_7th_congressional_district,https://en.wikipedia.org/wiki/Tom_Barrett_(Michigan_politician),Yea,,-1,Yea,-1,,,-2
Michigan 8,Kristen McDonald Rivet,Democratic,207,https://en.wikipedia.org/wiki/Michigan%27s_8th_congressional_district,https://en.wikipedia.org/wiki/Kristen_McDonald_Rivet,Yea,,-1,Nay,1,,,0
Michigan 9,Lisa McClain,Republican,208,https://en.wikipedia.org/wiki/Michigan%27s_9th_congressional_district,https://en.wikipedia.org/wiki/Lisa_McClain,Yea,,-1,Yea,-1,,,-2
Michigan 10,John James,Republican,209,https://en.wikipedia.org/wiki/Michigan%27s_10th_congressional_district,https://en.wikipedia.org/wiki/John_James_(Michigan_politician),Yea,,-1,Yea,-1,,,-2
Michigan 11,Haley Stevens,Democratic,210,https://en.wikipedia.org/wiki/Michigan%27s_11th_congressional_district,https://en.wikipedia.org/wiki/Haley_Stevens,Nay,,1,Nay,1,,,2
Michigan 12,Rashida Tlaib,Democratic,211,https://en.wikipedia.org/wiki/Michigan%27s_12th_congressional_district,https://en.wikipedia.org/wiki/Rashida_Tlaib,Nay,,1,Nay,1,,,2
Michigan 13,Shri Thanedar,Democratic,212,https://en.wikipedia.org/wiki/Michigan%27s_13th_congressional_district,https://en.wikipedia.org/wiki/Shri_Thanedar,Not Voting,,0,Nay,1,,,1
Minnesota 1,Brad Finstad,Republican,213,https://en.wikipedia.org/wiki/Minnesota%27s_1st_congressional_district,https://en.wikipedia.org/wiki/Brad_Finstad,Yea,,-1,Yea,-1,,,-2
Minnesota 2,Angie Craig,Democratic,214,https://en.wikipedia.org/wiki/Minnesota%27s_2nd_congressional_district,https://en.wikipedia.org/wiki/Angie_Craig,Yea,,-1,Nay,1,,,0
Minnesota 3,Kelly Morrison,Democratic,215,https://en.wikipedia.org/wiki/Minnesota%27s_3rd_congressional_district,https://en.wikipedia.org/wiki/Kelly_Morrison,Nay,,1,Nay,1,,,2
Minnesota 4,Betty McCollum,Democratic,216,https://en.wikipedia.org/wiki/Minnesota%27s_4th_congressional_district,https://en.wikipedia.org/wiki/Betty_McCollum,Nay,,1,Nay,1,,,2
Minnesota 5,Ilhan Omar,Democratic,217,https://en.wikipedia.org/wiki/Minnesota%27s_5th_congressional_district,https://en.wikipedia.org/wiki/Ilhan_Omar,Nay,,1,Nay,1,,,2
Minnesota 6,Tom Emmer,Republican,218,https://en.wikipedia.org/wiki/Minnesota%27s_6th_congressional_district,https://en.wikipedia.org/wiki/Tom_Emmer,Yea,,-1,Yea,-1,,,-2
Minnesota 7,Michelle Fischbach,Republican,219,https://en.wikipedia.org/wiki/Minnesota%27s_7th_congressional_district,https://en.wikipedia.org/wiki/Michelle_Fischbach,Yea,,-1,Yea,-1,,,-2
Minnesota 8,Pete Stauber,Republican,220,https://en.wikipedia.org/wiki/Minnesota%27s_8th_congressional_district,https://en.wikipedia.org/wiki/Pete_Stauber,Yea,,-1,Yea,-1,,,-2
Mississippi 1,Trent Kelly,Republican,221,https://en.wikipedia.org/wiki/Mississippi%27s_1st_congressional_district,https://en.wikipedia.org/wiki/Trent_Kelly,Yea,,-1,Yea,-1,,,-2
Mississippi 2,Bennie Thompson,Democratic,222,https://en.wikipedia.org/wiki/Mississippi%27s_2nd_congressional_district,https://en.wikipedia.org/wiki/Bennie_Thompson,Nay,,1,Nay,1,,,2
Mississippi 3,Michael Guest,Republican,223,https://en.wikipedia.org/wiki/Mississippi%27s_3rd_congressional_district,https://en.wikipedia.org/wiki/Michael_Guest_(politician),Yea,,-1,Yea,-1,,,-2
Mississippi 4,Mike Ezell,Republican,224,https://en.wikipedia.org/wiki/Mississippi%27s_4th_congressional_district,https://en.wikipedia.org/wiki/Mike_Ezell,Yea,,-1,Yea,-1,,,-2
Missouri 1,Wesley Bell,Democratic,225,https://en.wikipedia.org/wiki/Missouri%27s_1st_congressional_district,https://en.wikipedia.org/wiki/Wesley_Bell,Nay,,1,Nay,1,,,2
Missouri 2,Ann Wagner,Republican,226,https://en.wikipedia.org/wiki/Missouri%27s_2nd_congressional_district,https://en.wikipedia.org/wiki/Ann_Wagner,Yea,,-1,Yea,-1,,,-2
Missouri 3,Bob Onder,Republican,227,https://en.wikipedia.org/wiki/Missouri%27s_3rd_congressional_district,https://en.wikipedia.org/wiki/Bob_Onder,Yea,,-1,Yea,-1,,,-2
Missouri 4,Mark Alford,Republican,228,https://en.wikipedia.org/wiki/Missouri%27s_4th_congressional_district,https://en.wikipedia.org/wiki/Mark_Alford_(politician),Yea,,-1,Yea,-1,,,-2
Missouri 5,Emanuel Cleaver,Democratic,229,https://en.wikipedia.org/wiki/Missouri%27s_5th_congressional_district,https://en.wikipedia.org/wiki/Emanuel_Cleaver,Nay,,1,Nay,1,,,2
Missouri 6,Sam Graves,Republican,230,https://en.wikipedia.org/wiki/Missouri%27s_6th_congressional_district,https://en.wikipedia.org/wiki/Sam_Graves,Yea,,-1,Yea,-1,,,-2
Missouri 7,Eric Burlison,Republican,231,https://en.wikipedia.org/wiki/Missouri%27s_7th_congressional_district,https://en.wikipedia.org/wiki/Eric_Burlison,Yea,,-1,Yea,-1,,,-2
Missouri 8,Jason Smith,Republican,232,https://en.wikipedia.org/wiki/Missouri%27s_8th_congressional_district,https://en.wikipedia.org/wiki/Jason_Smith_(American_politician),Yea,,-1,Yea,-1,,,-2
Montana 1,Ryan Zinke,Republican,233,https://en.wikipedia.org/wiki/Montana%27s_1st_congressional_district,https://en.wikipedia.org/wiki/Ryan_Zinke,Yea,,-1,Yea,-1,,,-2
Montana 2,Troy Downing,Republican,234,https://en.wikipedia.org/wiki/Montana%27s_2nd_congressional_district,https://en.wikipedia.org/wiki/Troy_Downing,Yea,,-1,Yea,-1,,,-2
Nebraska 1,Mike Flood,Republican,235,https://en.wikipedia.org/wiki/Nebraska%27s_1st_congressional_district,https://en.wikipedia.org/wiki/Mike_Flood_(politician),Yea,,-1,Yea,-1,,,-2
Nebraska 2,Don Bacon,Republican,236,https://en.wikipedia.org/wiki/Nebraska%27s_2nd_congressional_district,https://en.wikipedia.org/wiki/Don_Bacon,Yea,,-1,Yea,-1,,,-2
Nebraska 3,Adrian Smith,Republican,237,https://en.wikipedia.org/wiki/Nebraska%27s_3rd_congressional_district,https://en.wikipedia.org/wiki/Adrian_Smith_(politician),Yea,,-1,Yea,-1,,,-2
Nevada 1,Dina Titus,Democratic,238,https://en.wikipedia.org/wiki/Nevada%27s_1st_congressional_district,https://en.wikipedia.org/wiki/Dina_Titus,Yea,,-1,Nay,1,,,0
Nevada 2,Mark Amodei,Republican,239,https://en.wikipedia.org/wiki/Nevada%27s_2nd_congressional_district,https://en.wikipedia.org/wiki/Mark_Amodei,Yea,,-1,Yea,-1,,,-2
Nevada 3,Susie Lee,Democratic,240,https://en.wikipedia.org/wiki/Nevada%27s_3rd_congressional_district,https://en.wikipedia.org/wiki/Susie_Lee,Yea,,-1,Nay,1,,,0
Nevada 4,Steven Horsford,Democratic,241,https://en.wikipedia.org/wiki/Nevada%27s_4th_congressional_district,https://en.wikipedia.org/wiki/Steven_Horsford,Yea,,-1,Nay,1,,,0
New Hampshire 1,Chris Pappas,Democratic,242,https://en.wikipedia.org/wiki/New_Hampshire%27s_1st_congressional_district,https://en.wikipedia.org/wiki/Chris_Pappas_(American_politician),Yea,,-1,Nay,1,,,0
New Hampshire 2,Maggie Goodlander,Democratic,243,https://en.wikipedia.org/wiki/New_Hampshire%27s_2nd_congressional_district,https://en.wikipedia.org/wiki/Maggie_Goodlander,Yea,,-1,Nay,1,,,0
New Jersey 1,Donald Norcross,Democratic,244,https://en.wikipedia.org/wiki/New_Jersey%27s_1st_congressional_district,https://en.wikipedia.org/wiki/Donald_Norcross,Nay,,1,Nay,1,,,2
New Jersey 2,Jeff Van Drew,Republican,245,https://en.wikipedia.org/wiki/New_Jersey%27s_2nd_congressional_district,https://en.wikipedia.org/wiki/Jeff_Van_Drew,Yea,,-1,Yea,-1,,,-2
New Jersey 3,Herb Conaway,Democratic,246,https://en.wikipedia.org/wiki/New_Jersey%27s_3rd_congressional_district,https://en.wikipedia.org/wiki/Herb_Conaway,Nay,,1,Nay,1,,,2
New Jersey 4,Chris Smith,Republican,247,https://en.wikipedia.org/wiki/New_Jersey%27s_4th_congressional_district,https://en.wikipedia.org/wiki/Chris_Smith_(New_Jersey_politician),Yea,,-1,Yea,-1,,,-2
New Jersey 5,Josh Gottheimer,Democratic,248,https://en.wikipedia.org/wiki/New_Jersey%27s_5th_congressional_district,https://en.wikipedia.org/wiki/Josh_Gottheimer,Yea,,-1,Nay,1,,,0
New Jersey 6,Frank Pallone,Democratic,249,https://en.wikipedia.org/wiki/New_Jersey%27s_6th_congressional_district,https://en.wikipedia.org/wiki/Frank_Pallone,Nay,,1,Nay,1,,,2
New Jersey 7,Thomas Kean Jr.,Republican,250,https://en.wikipedia.org/wiki/New_Jersey%27s_7th_congressional_district,https://en.wikipedia.org/wiki/Thomas_Kean_Jr.,Yea,,-1,Yea,-1,,,-2
New Jersey 8,Rob Menendez,Democratic,251,https://en.wikipedia.org/wiki/New_Jersey%27s_8th_congressional_district,https://en.wikipedia.org/wiki/Rob_Menendez,Nay,,1,Nay,1,,,2
New Jersey 9,Nellie Pou,Democratic,252,https://en.wikipedia.org/wiki/New_Jersey%27s_9th_congressional_district,https://en.wikipedia.org/wiki/Nellie_Pou,Nay,,1,Nay,1,,,2
New Jersey 10,LaMonica McIver,Democratic,253,https://en.wikipedia.org/wiki/New_Jersey%27s_10th_congressional_district,https://en.wikipedia.org/wiki/LaMonica_McIver,Nay,,1,Nay,1,,,2
New Jersey 11,Mikie Sherrill,Democratic,254,https://en.wikipedia.org/wiki/New_Jersey%27s_11th_congressional_district,https://en.wikipedia.org/wiki/Mikie_Sherrill,Nay,,1,Nay,1,,,2
New Jersey 12,Bonnie Watson Coleman,Democratic,255,https://en.wikipedia.org/wiki/New_Jersey%27s_12th_congressional_district,https://en.wikipedia.org/wiki/Bonnie_Watson_Coleman,Nay,,1,Nay,1,,,2
New Mexico 1,Melanie Stansbury,Democratic,256,https://en.wikipedia.org/wiki/New_Mexico%27s_1st_congressional_district,https://en.wikipedia.org/wiki/Melanie_Stansbury,Nay,,1,Nay,1,,,2
New Mexico 2,Gabe Vasquez,Democratic,257,https://en.wikipedia.org/wiki/New_Mexico%27s_2nd_congressional_district,https://en.wikipedia.org/wiki/Gabe_Vasquez,Nay,,1,Nay,1,,,2
New Mexico 3,Teresa Leger Fernandez,Democratic,258,https://en.wikipedia.org/wiki/New_Mexico%27s_3rd_congressional_district,https://en.wikipedia.org/wiki/Teresa_Leger_Fernandez,Nay,,1,Nay,1,,,2
New York 1,Nick LaLota,Republican,259,https://en.wikipedia.org/wiki/New_York%27s_1st_congressional_district,https://en.wikipedia.org/wiki/Nick_LaLota,Yea,,-1,Yea,-1,,,-2
New York 2,Andrew Garbarino,Republican,260,https://en.wikipedia.org/wiki/New_York%27s_2nd_congressional_district,https://en.wikipedia.org/wiki/Andrew_Garbarino,Yea,,-1,Yea,-1,,,-2
New York 3,Tom Suozzi,Democratic,261,https://en.wikipedia.org/wiki/New_York%27s_3rd_congressional_district,https://en.wikipedia.org/wiki/Tom_Suozzi,Yea,,-1,Nay,1,,,0
New York 4,Laura Gillen,Democratic,262,https://en.wikipedia.org/wiki/New_York%27s_4th_congressional_district,https://en.wikipedia.org/wiki/Laura_Gillen,Yea,,-1,Nay,1,,,0
New York 5,Gregory Meeks,Democratic,263,https://en.wikipedia.org/wiki/New_York%27s_5th_congressional_district,https://en.wikipedia.org/wiki/Gregory_Meeks,Nay,,1,Nay,1,,,2
New York 6,Grace Meng,Democratic,264,https://en.wikipedia.org/wiki/New_York%27s_6th_congressional_district,https://en.wikipedia.org/wiki/Grace_Meng,Nay,,1,Nay,1,,,2
New York 7,Nydia Velázquez,Democratic,265,https://en.wikipedia.org/wiki/New_York%27s_7th_congressional_district,https://en.wikipedia.org/wiki/Nydia_Vel%C3%A1zquez,Nay,,1,Nay,1,,,2
New York 8,Hakeem Jeffries,Democratic,266,https://en.wikipedia.org/wiki/New_York%27s_8th_congressional_district,https://en.wikipedia.org/wiki/Hakeem_Jeffries,Nay,,1,Nay,1,,,2
New York 9,Yvette Clarke,Democratic,267,https://en.wikipedia.org/wiki/New_York%27s_9th_congressional_district,https://en.wikipedia.org/wiki/Yvette_Clarke,Nay,,1,Nay,1,,,2
New York 10,Dan Goldman,Democratic,268,https://en.wikipedia.org/wiki/New_York%27s_10th_congressional_district,https://en.wikipedia.org/wiki/Dan_Goldman,Nay,,1,Nay,1,,,2
New York 11,Nicole Malliotakis,Republican,269,https://en.wikipedia.org/wiki/New_York%27s_11th_congressional_district,https://en.wikipedia.org/wiki/Nicole_Malliotakis,Yea,,-1,Yea,-1,,,-2
New York 12,Jerry Nadler,Democratic,270,https://en.wikipedia.org/wiki/New_York%27s_12th_congressional_district,https://en.wikipedia.org/wiki/Jerry_Nadler,Nay,,1,Nay,1,,,2
New York 13,Adriano Espaillat,Democratic,271,https://en.wikipedia.org/wiki/New_York%27s_13th_congressional_district,https://en.wikipedia.org/wiki/Adriano_Espaillat,Nay,,1,Nay,1,,,2
New York 14,Alexandria Ocasio-Cortez,Democratic,272,https://en.wikipedia.org/wiki/New_York%27s_14th_congressional_district,https://en.wikipedia.org/wiki/Alexandria_Ocasio-Cortez,Nay,,1,Nay,1,,,2
New York 15,Ritchie Torres,Democratic,273,https://en.wikipedia.org/wiki/New_York%27s_15th_congressional_district,https://en.wikipedia.org/wiki/Ritchie_Torres,Yea,,-1,Nay,1,,,0
New York 16,George Latimer,Democratic,274,https://en.wikipedia.org/wiki/New_York%27s_16th_congressional_district,https://en.wikipedia.org/wiki/George_Latimer_(New_York_politician),Nay,,1,Nay,1,,,2
New York 17,Mike Lawler,Republican,275,https://en.wikipedia.org/wiki/New_York%27s_17th_congressional_district,https://en.wikipedia.org/wiki/Mike_Lawler,Yea,,-1,Yea,-1,,,-2
New York 18,Pat Ryan,Democratic,276,https://en.wikipedia.org/wiki/New_York%27s_18th_congressional_district,https://en.wikipedia.org/wiki/Pat_Ryan_(politician),Nay,,1,Nay,1,,,2
New York 19,Josh Riley,Democratic,277,https://en.wikipedia.org/wiki/New_York%27s_19th_congressional_district,https://en.wikipedia.org/wiki/Josh_Riley,Not Voting,,0,Nay,1,,,1
New York 20,Paul Tonko,Democratic,278,https://en.wikipedia.org/wiki/New_York%27s_20th_congressional_district,https://en.wikipedia.org/wiki/Paul_Tonko,Nay,,1,Nay,1,,,2
New York 21,Elise Stefanik,Republican,279,https://en.wikipedia.org/wiki/New_York%27s_21st_congressional_district,https://en.wikipedia.org/wiki/Elise_Stefanik,Yea,,-1,Yea,-1,,,-2
New York 22,John Mannion,Democratic,280,https://en.wikipedia.org/wiki/New_York%27s_22nd_congressional_district,https://en.wikipedia.org/wiki/John_Mannion_(American_politician),Yea,,-1,Nay,1,,,0
New York 23,Nick Langworthy,Republican,281,https://en.wikipedia.org/wiki/New_York%27s_23rd_congressional_district,https://en.wikipedia.org/wiki/Nick_Langworthy,Yea,,-1,Yea,-1,,,-2
New York 24,Claudia Tenney,Republican,282,https://en.wikipedia.org/wiki/New_York%27s_24th_congressional_district,https://en.wikipedia.org/wiki/Claudia_Tenney,Yea,,-1,Yea,-1,,,-2
New York 25,Joseph Morelle,Democratic,283,https://en.wikipedia.org/wiki/New_York%27s_25th_congressional_district,https://en.wikipedia.org/wiki/Joseph_Morelle,Yea,,-1,Nay,1,,,0
New York 26,Tim Kennedy,Democratic,284,https://en.wikipedia.org/wiki/New_York%27s_26th_congressional_district,https://en.wikipedia.org/wiki/Tim_Kennedy_(politician),Nay,,1,Nay,1,,,2
North Carolina 1,Don Davis,Democratic,285,https://en.wikipedia.org/wiki/North_Carolina%27s_1st_congressional_district,https://en.wikipedia.org/wiki/Don_Davis_(North_Carolina_politician),Yea,,-1,Nay,1,,,0
North Carolina 2,Deborah Ross,Democratic,286,https://en.wikipedia.org/wiki/North_Carolina%27s_2nd_congressional_district,https://en.wikipedia.org/wiki/Deborah_K._Ross,Nay,,1,Nay,1,,,2
North Carolina 3,Greg Murphy,Republican,287,https://en.wikipedia.org/wiki/North_Carolina%27s_3rd_congressional_district,https://en.wikipedia.org/wiki/Greg_Murphy_(politician),Yea,,-1,Yea,-1,,,-2
North Carolina 4,Valerie Foushee,Democratic,288,https://en.wikipedia.org/wiki/North_Carolina%27s_4th_congressional_district,https://en.wikipedia.org/wiki/Valerie_Foushee,Nay,,1,Nay,1,,,2
North Carolina 5,Virginia Foxx,Republican,289,https://en.wikipedia.org/wiki/North_Carolina%27s_5th_congressional_district,https://en.wikipedia.org/wiki/Virginia_Foxx,Yea,,-1,Yea,-1,,,-2
North Carolina 6,Addison McDowell,Republican,290,https://en.wikipedia.org/wiki/North_Carolina%27s_6th_congressional_district,https://en.wikipedia.org/wiki/Addison_McDowell,Yea,,-1,Yea,-1,,,-2
North Carolina 7,David Rouzer,Republican,291,https://en.wikipedia.org/wiki/North_Carolina%27s_7th_congressional_district,https://en.wikipedia.org/wiki/David_Rouzer,Yea,,-1,Yea,-1,,,-2
North Carolina 8,Mark Harris,Republican,292,https://en.wikipedia.org/wiki/North_Carolina%27s_8th_congressional_district,https://en.wikipedia.org/wiki/Mark_Harris_(North_Carolina_politician),Yea,,-1,Yea,-1,,,-2
North Carolina 9,Richard Hudson,Republican,293,https://en.wikipedia.org/wiki/North_Carolina%27s_9th_congressional_district,https://en.wikipedia.org/wiki/Richard_Hudson_(American_politician),Yea,,-1,Yea,-1,,,-2
North Carolina 10,Pat Harrigan,Republican,294,https://en.wikipedia.org/wiki/North_Carolina%27s_10th_congressional_district,https://en.wikipedia.org/wiki/Pat_Harrigan,Yea,,-1,Yea,-1,,,-2
North Carolina 11,Chuck Edwards,Republican,295,https://en.wikipedia.org/wiki/North_Carolina%27s_11th_congressional_district,https://en.wikipedia.org/wiki/Chuck_Edwards,Yea,,-1,Yea,-1,,,-2
North Carolina 12,Alma Adams,Democratic,296,https://en.wikipedia.org/wiki/North_Carolina%27s_12th_congressional_district,https://en.wikipedia.org/wiki/Alma_Adams,Nay,,1,Nay,1,,,2
North Carolina 13,Brad Knott,Republican,297,https://en.wikipedia.org/wiki/North_Carolina%27s_13th_congressional_district,https://en.wikipedia.org/wiki/Brad_Knott,Yea,,-1,Yea,-1,,,-2
North Carolina 14,Tim Moore,Republican,298,https://en.wikipedia.org/wiki/North_Carolina%27s_14th_congressional_district,https://en.wikipedia.org/wiki/Tim_Moore_(North_Carolina_politician),Yea,,-1,Not Voting,0,,,-1
North Dakota at-large,Julie Fedorchak,Republican,299,https://en.wikipedia.org/wiki/North_Dakota%27s_at-large_congressional_district,https://en.wikipedia.org/wiki/Julie_Fedorchak,Yea,,-1,Yea,-1,,,-2
Ohio 1,Greg Landsman,Democratic,300,https://en.wikipedia.org/wiki/Ohio%27s_1st_congressional_district,https://en.wikipedia.org/wiki/Greg_Landsman,Yea,,-1,Nay,1,,,0
Ohio 2,David Taylor,Republican,301,https://en.wikipedia.org/wiki/Ohio%27s_2nd_congressional_district,https://en.wikipedia.org/wiki/David_Taylor_(Ohio_politician),Yea,,-1,Yea,-1,,,-2
Ohio 3,Joyce Beatty,Democratic,302,https://en.wikipedia.org/wiki/Ohio%27s_3rd_congressional_district,https://en.wikipedia.org/wiki/Joyce_Beatty,Nay,,1,Nay,1,,,2
Ohio 4,Jim Jordan,Republican,303,https://en.wikipedia.org/wiki/Ohio%27s_4th_congressional_district,https://en.wikipedia.org/wiki/Jim_Jordan,Yea,,-1,Yea,-1,,,-2
Ohio 5,Bob Latta,Republican,304,https://en.wikipedia.org/wiki/Ohio%27s_5th_congressional_district,https://en.wikipedia.org/wiki/Bob_Latta,Yea,,-1,Yea,-1,,,-2
Ohio 6,Michael Rulli,Republican,305,https://en.wikipedia.org/wiki/Ohio%27s_6th_congressional_district,https://en.wikipedia.org/wiki/Michael_Rulli,Yea,,-1,Yea,-1,,,-2
Ohio 7,Max Miller,Republican,306,https://en.wikipedia.org/wiki/Ohio%27s_7th_congressional_district,https://en.wikipedia.org/wiki/Max_Miller_(politician),Yea,,-1,Yea,-1,,,-2
Ohio 8,Warren Davidson,Republican,307,https://en.wikipedia.org/wiki/Ohio%27s_8th_congressional_district,https://en.wikipedia.org/wiki/Warren_Davidson,Yea,,-1,Yea,-1,,,-2
Ohio 9,Marcy Kaptur,Democratic,308,https://en.wikipedia.org/wiki/Ohio%27s_9th_congressional_district,https://en.wikipedia.org/wiki/Marcy_Kaptur,Yea,,-1,Nay,1,,,0
Ohio 10,Mike Turner,Republican,309,https://en.wikipedia.org/wiki/Ohio%27s_10th_congressional_district,https://en.wikipedia.org/wiki/Mike_Turner,Yea,,-1,Yea,-1,,,-2
Ohio 11,Shontel Brown,Democratic,310,https://en.wikipedia.org/wiki/Ohio%27s_11th_congressional_district,https://en.wikipedia.org/wiki/Shontel_Brown,Nay,,1,Nay,1,,,2
Ohio 12,Troy Balderson,Republican,311,https://en.wikipedia.org/wiki/Ohio%27s_12th_congressional_district,https://en.wikipedia.org/wiki/Troy_Balderson,Yea,,-1,Yea,-1,,,-2
Ohio 13,Emilia Sykes,Democratic,312,https://en.wikipedia.org/wiki/Ohio%27s_13th_congressional_district,https://en.wikipedia.org/wiki/Emilia_Sykes,Yea,,-1,Nay,1,,,0
Ohio 14,David Joyce,Republican,313,https://en.wikipedia.org/wiki/Ohio%27s_14th_congressional_district,https://en.wikipedia.org/wiki/David_Joyce_(politician),Yea,,-1,Yea,-1,,,-2
Ohio 15,Mike Carey,Republican,314,https://en.wikipedia.org/wiki/Ohio%27s_15th_congressional_district,https://en.wikipedia.org/wiki/Mike_Carey_(politician),Yea,,-1,Yea,-1,,,-2
Oklahoma 1,Kevin Hern,Republican,315,https://en.wikipedia.org/wiki/Oklahoma%27s_1st_congressional_district,https://en.wikipedia.org/wiki/Kevin_Hern,Yea,,-1,Yea,-1,,,-2
Oklahoma 2,Josh Brecheen,Republican,316,https://en.wikipedia.org/wiki/Oklahoma%27s_2nd_congressional_district,https://en.wikipedia.org/wiki/Josh_Brecheen,Yea,,-1,Yea,-1,,,-2
Oklahoma 3,Frank Lucas,Republican,317,https://en.wikipedia.org/wiki/Oklahoma%27s_3rd_congressional_district,https://en.wikipedia.org/wiki/Frank_Lucas_(Oklahoma_politician),Yea,,-1,Yea,-1,,,-2
Oklahoma 4,Tom Cole,Republican,318,https://en.wikipedia.org/wiki/Oklahoma%27s_4th_congressional_district,https://en.wikipedia.org/wiki/Tom_Cole,Yea,,-1,Yea,-1,,,-2
Oklahoma 5,Stephanie Bice,Republican,319,https://en.wikipedia.org/wiki/Oklahoma%27s_5th_congressional_district,https://en.wikipedia.org/wiki/Stephanie_Bice,Yea,,-1,Yea,-1,,,-2
Oregon 1,Suzanne Bonamici,Democratic,320,https://en.wikipedia.org/wiki/Oregon%27s_1st_congressional_district,https://en.wikipedia.org/wiki/Suzanne_Bonamici,Nay,,1,Nay,1,,,2
Oregon 2,Cliff Bentz,Republican,321,https://en.wikipedia.org/wiki/Oregon%27s_2nd_congressional_district,https://en.wikipedia.org/wiki/Cliff_Bentz,Yea,,-1,Yea,-1,,,-2
Oregon 3,Maxine Dexter,Democratic,322,https://en.wikipedia.org/wiki/Oregon%27s_3rd_congressional_district,https://en.wikipedia.org/wiki/Maxine_Dexter,Nay,,1,Nay,1,,,2
Oregon 4,Val Hoyle,Democratic,323,https://en.wikipedia.org/wiki/Oregon%27s_4th_congressional_district,https://en.wikipedia.org/wiki/Val_Hoyle,Nay,,1,Nay,1,,,2
Oregon 5,Janelle Bynum,Democratic,324,https://en.wikipedia.org/wiki/Oregon%27s_5th_congressional_district,https://en.wikipedia.org/wiki/Janelle_Bynum,Yea,,-1,Nay,1,,,0
Oregon 6,Andrea Salinas,Democratic,325,https://en.wikipedia.org/wiki/Oregon%27s_6th_congressional_district,https://en.wikipedia.org/wiki/Andrea_Salinas,Nay,,1,Nay,1,,,2
Pennsylvania 1,Brian Fitzpatrick,Republican,326,https://en.wikipedia.org/wiki/Pennsylvania%27s_1st_congressional_district,https://en.wikipedia.org/wiki/Brian_Fitzpatrick_(American_politician),Yea,,-1,Yea,-1,,,-2
Pennsylvania 2,Brendan Boyle,Democratic,327,https://en.wikipedia.org/wiki/Pennsylvania%27s_2nd_congressional_district,https://en.wikipedia.org/wiki/Brendan_Boyle,Yea,,-1,Nay,1,,,0
Pennsylvania 3,Dwight Evans,Democratic,328,https://en.wikipedia.org/wiki/Pennsylvania%27s_3rd_congressional_district,https://en.wikipedia.org/wiki/Dwight_Evans_(politician),Nay,,1,Nay,1,,,2
Pennsylvania 4,Madeleine Dean,Democratic,329,https://en.wikipedia.org/wiki/Pennsylvania%27s_4th_congressional_district,https://en.wikipedia.org/wiki/Madeleine_Dean,Nay,,1,Nay,1,,,2
Pennsylvania 5,Mary Gay Scanlon,Democratic,330,https://en.wikipedia.org/wiki/Pennsylvania%27s_5th_congressional_district,https://en.wikipedia.org/wiki/Mary_Gay_Scanlon,Nay,,1,Nay,1,,,2
Pennsylvania 6,Chrissy Houlahan,Democratic,331,https://en.wikipedia.org/wiki/Pennsylvania%27s_6th_congressional_district,https://en.wikipedia.org/wiki/Chrissy_Houlahan,Nay,,1,Nay,1,,,2
Pennsylvania 7,Ryan Mackenzie,Republican,332,https://en.wikipedia.org/wiki/Pennsylvania%27s_7th_congressional_district,https://en.wikipedia.org/wiki/Ryan_Mackenzie,Yea,,-1,Yea,-1,,,-2
Pennsylvania 8,Rob Bresnahan,Republican,333,https://en.wikipedia.org/wiki/Pennsylvania%27s_8th_congressional_district,https://en.wikipedia.org/wiki/Rob_Bresnahan,Yea,,-1,Yea,-1,,,-2
Pennsylvania 9,Dan Meuser,Republican,334,https://en.wikipedia.org/wiki/Pennsylvania%27s_9th_congressional_district,https://en.wikipedia.org/wiki/Dan_Meuser,Yea,,-1,Yea,-1,,,-2
Pennsylvania 10,Scott Perry,Republican,335,https://en.wikipedia.org/wiki/Pennsylvania%27s_10th_congressional_district,https://en.wikipedia.org/wiki/Scott_Perry_(politician),Yea,,-1,Yea,-1,,,-2
Pennsylvania 11,Lloyd Smucker,Republican,336,https://en.wikipedia.org/wiki/Pennsylvania%27s_11th_congressional_district,https://en.wikipedia.org/wiki/Lloyd_Smucker,Yea,,-1,Yea,-1,,,-2
Pennsylvania 12,Summer Lee,Democratic,337,https://en.wikipedia.org/wiki/Pennsylvania%27s_12th_congressional_district,https://en.wikipedia.org/wiki/Summer_Lee,Nay,,1,Nay,1,,,2
Pennsylvania 13,John Joyce,Republican,338,https://en.wikipedia.org/wiki/Pennsylvania%27s_13th_congressional_district,https://en.wikipedia.org/wiki/John_Joyce_(American_politician),Yea,,-1,Yea,-1,,,-2
Pennsylvania 14,Guy Reschenthaler,Republican,339,https://en.wikipedia.org/wiki/Pennsylvania%27s_14th_congressional_district,https://en.wikipedia.org/wiki/Guy_Reschenthaler,Yea,,-1,Yea,-1,,,-2
Pennsylvania 15,Glenn Thompson,Republican,340,https://en.wikipedia.org/wiki/Pennsylvania%27s_15th_congressional_district,https://en.wikipedia.org/wiki/Glenn_Thompson_(politician),Yea,,-1,Yea,-1,,,-2
Pennsylvania 16,Mike Kelly,Republican,341,https://en.wikipedia.org/wiki/Pennsylvania%27s_16th_congressional_district,https://en.wikipedia.org/wiki/Mike_Kelly_(Pennsylvania_politician),Yea,,-1,Yea,-1,,,-2
Pennsylvania 17,Chris Deluzio,Democratic,342,https://en.wikipedia.org/wiki/Pennsylvania%27s_17th_congressional_district,https://en.wikipedia.org/wiki/Chris_Deluzio,Nay,,1,Nay,1,,,2
Rhode Island 1,Gabe Amo,Democratic,343,https://en.wikipedia.org/wiki/Rhode_Island%27s_1st_congressional_district,https://en.wikipedia.org/wiki/Gabe_Amo,Nay,,1,Nay,1,,,2
Rhode Island 2,Seth Magaziner,Democratic,344,https://en.wikipedia.org/wiki/Rhode_Island%27s_2nd_congressional_district,https://en.wikipedia.org/wiki/Seth_Magaziner,Nay,,1,Nay,1,,,2
South Carolina 1,Nancy Mace,Republican,345,https://en.wikipedia.org/wiki/South_Carolina%27s_1st_congressional_district,https://en.wikipedia.org/wiki/Nancy_Mace,Yea,,-1,Yea,-1,,,-2
South Carolina 2,Joe Wilson,Republican,346,https://en.wikipedia.org/wiki/South_Carolina%27s_2nd_congressional_district,https://en.wikipedia.org/wiki/Joe_Wilson_(American_politician),Yea,,-1,Yea,-1,,,-2
South Carolina 3,Sheri Biggs,Republican,347,https://en.wikipedia.org/wiki/South_Carolina%27s_3rd_congressional_district,https://en.wikipedia.org/wiki/Sheri_Biggs,Yea,,-1,Yea,-1,,,-2
South Carolina 4,William Timmons,Republican,348,https://en.wikipedia.org/wiki/South_Carolina%27s_4th_congressional_district,https://en.wikipedia.org/wiki/William_Timmons_(politician),Yea,,-1,Yea,-1,,,-2
South Carolina 5,Ralph Norman,Republican,349,https://en.wikipedia.org/wiki/South_Carolina%27s_5th_congressional_district,https://en.wikipedia.org/wiki/Ralph_Norman,Yea,,-1,Yea,-1,,,-2
South Carolina 6,Jim Clyburn,Democratic,350,https://en.wikipedia.org/wiki/South_Carolina%27s_6th_congressional_district,https://en.wikipedia.org/wiki/Jim_Clyburn,Nay,,1,Nay,1,,,2
South Carolina 7,Russell Fry,Republican,351,https://en.wikipedia.org/wiki/South_Carolina%27s_7th_congressional_district,https://en.wikipedia.org/wiki/Russell_Fry_(politician),Yea,,-1,Yea,-1,,,-2
South Dakota at-large,Dusty Johnson,Republican,352,https://en.wikipedia.org/wiki/South_Dakota%27s_at-large_congressional_district,https://en.wikipedia.org/wiki/Dusty_Johnson,Yea,,-1,Yea,-1,,,-2
Tennessee 1,Diana Harshbarger,Republican,353,https://en.wikipedia.org/wiki/Tennessee%27s_1st_congressional_district,https://en.wikipedia.org/wiki/Diana_Harshbarger,Yea,,-1,Yea,-1,,,-2
Tennessee 2,Tim Burchett,Republican,354,https://en.wikipedia.org/wiki/Tennessee%27s_2nd_congressional_district,https://en.wikipedia.org/wiki/Tim_Burchett,Yea,,-1,Yea,-1,,,-2
Tennessee 3,Chuck Fleischmann,Republican,355,https://en.wikipedia.org/wiki/Tennessee%27s_3rd_congressional_district,https://en.wikipedia.org/wiki/Chuck_Fleischmann,Yea,,-1,Yea,-1,,,-2
Tennessee 4,Scott DesJarlais,Republican,356,https://en.wikipedia.org/wiki/Tennessee%27s_4th_congressional_district,https://en.wikipedia.org/wiki/Scott_DesJarlais,Yea,,-1,Yea,-1,,,-2
Tennessee 5,Andy Ogles,Republican,357,https://en.wikipedia.org/wiki/Tennessee%27s_5th_congressional_district,https://en.wikipedia.org/wiki/Andy_Ogles,Yea,,-1,Yea,-1,,,-2
Tennessee 6,John Rose,Republican,358,https://en.wikipedia.org/wiki/Tennessee%27s_6th_congressional_district,https://en.wikipedia.org/wiki/John_Rose_(Tennessee_politician),Yea,,-1,Yea,-1,,,-2
Tennessee 7,Mark E. Green,Republican,359,https://en.wikipedia.org/wiki/Tennessee%27s_7th_congressional_district,https://en.wikipedia.org/wiki/Mark_E._Green,Yea,,-1,Yea,-1,,,-2
Tennessee 8,David Kustoff,Republican,360,https://en.wikipedia.org/wiki/Tennessee%27s_8th_congressional_district,https://en.wikipedia.org/wiki/David_Kustoff,Yea,,-1,Yea,-1,,,-2
Tennessee 9,Steve Cohen,Democratic,361,https://en.wikipedia.org/wiki/Tennessee%27s_9th_congressional_district,https://en.wikipedia.org/wiki/Steve_Cohen_(politician),Nay,,1,Nay,1,,,2
Texas 1,Nathaniel Moran,Republican,362,https://en.wikipedia.org/wiki/Texas%27s_1st_congressional_district,https://en.wikipedia.org/wiki/Nathaniel_Moran,Yea,,-1,Yea,-1,,,-2
Texas 2,Dan Crenshaw,Republican,363,https://en.wikipedia.org/wiki/Texas%27s_2nd_congressional_district,https://en.wikipedia.org/wiki/Dan_Crenshaw,Yea,,-1,Yea,-1,,,-2
Texas 3,Keith Self,Republican,364,https://en.wikipedia.org/wiki/Texas%27s_3rd_congressional_district,https://en.wikipedia.org/wiki/Keith_Self,Yea,,-1,Yea,-1,,,-2
Texas 4,Pat Fallon,Republican,365,https://en.wikipedia.org/wiki/Texas%27s_4th_congressional_district,https://en.wikipedia.org/wiki/Pat_Fallon,Yea,,-1,Yea,-1,,,-2
Texas 5,Lance Gooden,Republican,366,https://en.wikipedia.org/wiki/Texas%27s_5th_congressional_district,https://en.wikipedia.org/wiki/Lance_Gooden,Yea,,-1,Yea,-1,,,-2
Texas 6,Jake Ellzey,Republican,367,https://en.wikipedia.org/wiki/Texas%27s_6th_congressional_district,https://en.wikipedia.org/wiki/Jake_Ellzey,Yea,,-1,Yea,-1,,,-2
Texas 7,Lizzie Fletcher,Democratic,368,https://en.wikipedia.org/wiki/Texas%27s_7th_congressional_district,https://en.wikipedia.org/wiki/Lizzie_Fletcher,Nay,,1,Nay,1,,,2
Texas 8,Morgan Luttrell,Republican,369,https://en.wikipedia.org/wiki/Texas%27s_8th_congressional_district,https://en.wikipedia.org/wiki/Morgan_Luttrell,Yea,,-1,Yea,-1,,,-2
Texas 9,Al Green,Democratic,370,https://en.wikipedia.org/wiki/Texas%27s_9th_congressional_district,https://en.wikipedia.org/wiki/Al_Green_(politician),Nay,,1,Nay,1,,,2
Texas 10,Michael McCaul,Republican,371,https://en.wikipedia.org/wiki/Texas%27s_10th_congressional_district,https://en.wikipedia.org/wiki/Michael_McCaul,Yea,,-1,Yea,-1,,,-2
Texas 11,August Pfluger,Republican,372,https://en.wikipedia.org/wiki/Texas%27s_11th_congressional_district,https://en.wikipedia.org/wiki/August_Pfluger,Yea,,-1,Yea,-1,,,-2
Texas 12,Craig Goldman,Republican,373,https://en.wikipedia.org/wiki/Texas%27s_12th_congressional_district,https://en.wikipedia.org/wiki/Craig_Goldman,Yea,,-1,Yea,-1,,,-2
Texas 13,Ronny Jackson,Republican,374,https://en.wikipedia.org/wiki/Texas%27s_13th_congressional_district,https://en.wikipedia.org/wiki/Ronny_Jackson,Yea,,-1,Yea,-1,,,-2
Texas 14,Randy Weber,Republican,375,https://en.wikipedia.org/wiki/Texas%27s_14th_congressional_district,https://en.wikipedia.org/wiki/Randy_Weber,Yea,,-1,Yea,-1,,,-2
Texas 15,Monica De La Cruz,Republican,376,https://en.wikipedia.org/wiki/Texas%27s_15th_congressional_district,https://en.wikipedia.org/wiki/Monica_De_La_Cruz,Yea,,-1,Yea,-1,,,-2
Texas 16,Veronica Escobar,Democratic,377,https://en.wikipedia.org/wiki/Texas%27s_16th_congressional_district,https://en.wikipedia.org/wiki/Veronica_Escobar,Nay,,1,Nay,1,,,2
Texas 17,Pete Sessions,Republican,378,https://en.wikipedia.org/wiki/Texas%27s_17th_congressional_district,https://en.wikipedia.org/wiki/Pete_Sessions,Yea,,-1,Yea,-1,,,-2
Texas 18,Vacant,Vacant,379,https://en.wikipedia.org/wiki/Texas%27s_18th_congressional_district,,,,0,Nay,1,,,1
Texas 19,Jodey Arrington,Republican,380,https://en.wikipedia.org/wiki/Texas%27s_19th_congressional_district,https://en.wikipedia.org/wiki/Jodey_Arrington,Yea,,-1,Yea,-1,,,-2
Texas 20,Joaquin Castro,Democratic,381,https://en.wikipedia.org/wiki/Texas%27s_20th_congressional_district,https://en.wikipedia.org/wiki/Joaquin_Castro,Nay,,1,Nay,1,,,2
Texas 21,Chip Roy,Republican,382,https://en.wikipedia.org/wiki/Texas%27s_21st_congressional_district,https://en.wikipedia.org/wiki/Chip_Roy,Yea,,-1,Yea,-1,,,-2
Texas 22,Troy Nehls,Republican,383,https://en.wikipedia.org/wiki/Texas%27s_22nd_congressional_district,https://en.wikipedia.org/wiki/Troy_Nehls,Yea,,-1,Yea,-1,,,-2
Texas 23,Tony Gonzales,Republican,384,https://en.wikipedia.org/wiki/Texas%27s_23rd_congressional_district,https://en.wikipedia.org/wiki/Tony_Gonzales,Yea,,-1,Yea,-1,,,-2
Texas 24,Beth Van Duyne,Republican,385,https://en.wikipedia.org/wiki/Texas%27s_24th_congressional_district,https://en.wikipedia.org/wiki/Beth_Van_Duyne,Yea,,-1,Yea,-1,,,-2
Texas 25,Roger Williams,Republican,386,https://en.wikipedia.org/wiki/Texas%27s_25th_congressional_district,https://en.wikipedia.org/wiki/Roger_Williams_(Texas_politician),Not Voting,,0,Yea,-1,,,-1
Texas 26,Brandon Gill,Republican,387,https://en.wikipedia.org/wiki/Texas%27s_26th_congressional_district,https://en.wikipedia.org/wiki/Brandon_Gill,Yea,,-1,Yea,-1,,,-2
Texas 27,Michael Cloud,Republican,388,https://en.wikipedia.org/wiki/Texas%27s_27th_congressional_district,https://en.wikipedia.org/wiki/Michael_Cloud,Yea,,-1,Yea,-1,,,-2
Texas 28,Henry Cuellar,Democratic,389,https://en.wikipedia.org/wiki/Texas%27s_28th_congressional_district,https://en.wikipedia.org/wiki/Henry_Cuellar,Yea,,-1,Nay,1,,,0
Texas 29,Sylvia Garcia,Democratic,390,https://en.wikipedia.org/wiki/Texas%27s_29th_congressional_district,https://en.wikipedia.org/wiki/Sylvia_Garcia,Nay,,1,Nay,1,,,2
Texas 30,Jasmine Crockett,Democratic,391,https://en.wikipedia.org/wiki/Texas%27s_30th_congressional_district,https://en.wikipedia.org/wiki/Jasmine_Crockett,Nay,,1,Nay,1,,,2
Texas 31,John Carter,Republican,392,https://en.wikipedia.org/wiki/Texas%27s_31st_congressional_district,https://en.wikipedia.org/wiki/John_Carter_(Texas_politician),Yea,,-1,Yea,-1,,,-2
Texas 32,Julie Johnson,Democratic,393,https://en.wikipedia.org/wiki/Texas%27s_32nd_congressional_district,https://en.wikipedia.org/wiki/Julie_Johnson_(politician),Nay,,1,Nay,1,,,2
Texas 33,Marc Veasey,Democratic,394,https://en.wikipedia.org/wiki/Texas%27s_33rd_congressional_district,https://en.wikipedia.org/wiki/Marc_Veasey,Nay,,1,Nay,1,,,2
Texas 34,Vicente Gonzalez,Democratic,395,https://en.wikipedia.org/wiki/Texas%27s_34th_congressional_district,https://en.wikipedia.org/wiki/Vicente_Gonzalez_(politician),Yea,,-1,Nay,1,,,0
Texas 35,Greg Casar,Democratic,396,https://en.wikipedia.org/wiki/Texas%27s_35th_congressional_district,https://en.wikipedia.org/wiki/Greg_Casar,Nay,,1,Nay,1,,,2
Texas 36,Brian Babin,Republican,397,https://en.wikipedia.org/wiki/Texas%27s_36th_congressional_district,https://en.wikipedia.org/wiki/Brian_Babin,Yea,,-1,Yea,-1,,,-2
Texas 37,Lloyd Doggett,Democratic,398,https://en.wikipedia.org/wiki/Texas%27s_37th_congressional_district,https://en.wikipedia.org/wiki/Lloyd_Doggett,Nay,,1,Nay,1,,,2
Texas 38,Wesley Hunt,Republican,399,https://en.wikipedia.org/wiki/Texas%27s_38th_congressional_district,https://en.wikipedia.org/wiki/Wesley_Hunt,Yea,,-1,Yea,-1,,,-2
Utah 1,Blake Moore,Republican,400,https://en.wikipedia.org/wiki/Utah%27s_1st_congressional_district,https://en.wikipedia.org/wiki/Blake_Moore,Yea,,-1,Yea,-1,,,-2
Utah 2,Celeste Maloy,Republican,401,https://en.wikipedia.org/wiki/Utah%27s_2nd_congressional_district,https://en.wikipedia.org/wiki/Celeste_Maloy,Yea,,-1,Yea,-1,,,-2
Utah 3,Mike Kennedy,Republican,402,https://en.wikipedia.org/wiki/Utah%27s_3rd_congressional_district,https://en.wikipedia.org/wiki/Mike_Kennedy_(politician),Yea,,-1,Yea,-1,,,-2
Utah 4,Burgess Owens,Republican,403,https://en.wikipedia.org/wiki/Utah%27s_4th_congressional_district,https://en.wikipedia.org/wiki/Burgess_Owens,Yea,,-1,Yea,-1,,,-2
Vermont at-large,Becca Balint,Democratic,404,https://en.wikipedia.org/wiki/Vermont%27s_at-large_congressional_district,https://en.wikipedia.org/wiki/Becca_Balint,Nay,,1,Nay,1,,,2
Virginia 1,Rob Wittman,Republican,405,https://en.wikipedia.org/wiki/Virginia%27s_1st_congressional_district,https://en.wikipedia.org/wiki/Rob_Wittman,Yea,,-1,Yea,-1,,,-2
Virginia 2,Jen Kiggans,Republican,406,https://en.wikipedia.org/wiki/Virginia%27s_2nd_congressional_district,https://en.wikipedia.org/wiki/Jen_Kiggans,Yea,,-1,Yea,-1,,,-2
Virginia 3,Bobby Scott,Democratic,407,https://en.wikipedia.org/wiki/Virginia%27s_3rd_congressional_district,https://en.wikipedia.org/wiki/Bobby_Scott_(politician),Nay,,1,Nay,1,,,2
Virginia 4,Jennifer McClellan,Democratic,408,https://en.wikipedia.org/wiki/Virginia%27s_4th_congressional_district,https://en.wikipedia.org/wiki/Jennifer_McClellan,Nay,,1,Nay,1,,,2
Virginia 5,John McGuire,Republican,409,https://en.wikipedia.org/wiki/Virginia%27s_5th_congressional_district,https://en.wikipedia.org/wiki/John_McGuire_(Virginia_politician),Yea,,-1,Yea,-1,,,-2
Virginia 6,Ben Cline,Republican,410,https://en.wikipedia.org/wiki/Virginia%27s_6th_congressional_district,https://en.wikipedia.org/wiki/Ben_Cline,Yea,,-1,Yea,-1,,,-2
Virginia 7,Eugene Vindman,Democratic,411,https://en.wikipedia.org/wiki/Virginia%27s_7th_congressional_district,https://en.wikipedia.org/wiki/Eugene_Vindman,Yea,,-1,Nay,1,,,0
Virginia 8,Don Beyer,Democratic,412,https://en.wikipedia.org/wiki/Virginia%27s_8th_congressional_district,https://en.wikipedia.org/wiki/Don_Beyer,Nay,,1,Nay,1,,,2
Virginia 9,Morgan Griffith,Republican,413,https://en.wikipedia.org/wiki/Virginia%27s_9th_congressional_district,https://en.wikipedia.org/wiki/Morgan_Griffith,Yea,,-1,Yea,-1,,,-2
Virginia 10,Suhas Subramanyam,Democratic,414,https://en.wikipedia.org/wiki/Virginia%27s_10th_congressional_district,https://en.wikipedia.org/wiki/Suhas_Subramanyam,Yea,,-1,Nay,1,,,0
Virginia 11,Gerry Connolly,Democratic,415,https://en.wikipedia.org/wiki/Virginia%27s_11th_congressional_district,https://en.wikipedia.org/wiki/Gerry_Connolly,Nay,,1,Nay,1,,,2
Washington 1,Suzan DelBene,Democratic,416,https://en.wikipedia.org/wiki/Washington%27s_1st_congressional_district,https://en.wikipedia.org/wiki/Suzan_DelBene,Nay,,1,Nay,1,,,2
Washington 2,Rick Larsen,Democratic,417,https://en.wikipedia.org/wiki/Washington%27s_2nd_congressional_district,https://en.wikipedia.org/wiki/Rick_Larsen,Nay,,1,Nay,1,,,2
Washington 3,Marie Gluesenkamp Perez,Democratic,418,https://en.wikipedia.org/wiki/Washington%27s_3rd_congressional_district,https://en.wikipedia.org/wiki/Marie_Gluesenkamp_Perez,Yea,,-1,Nay,1,,,0
Washington 4,Dan Newhouse,Republican,419,https://en.wikipedia.org/wiki/Washington%27s_4th_congressional_district,https://en.wikipedia.org/wiki/Dan_Newhouse,Yea,,-1,Yea,-1,,,-2
Washington 5,Michael Baumgartner,Republican,420,https://en.wikipedia.org/wiki/Washington%27s_5th_congressional_district,https://en.wikipedia.org/wiki/Michael_Baumgartner,Yea,,-1,Yea,-1,,,-2
Washington 6,Emily Randall,Democratic,421,https://en.wikipedia.org/wiki/Washington%27s_6th_congressional_district,https://en.wikipedia.org/wiki/Emily_Randall,Nay,,1,Nay,1,,,2
Washington 7,Pramila Jayapal,Democratic,422,https://en.wikipedia.org/wiki/Washington%27s_7th_congressional_district,https://en.wikipedia.org/wiki/Pramila_Jayapal,Not Voting,,0,Nay,1,,,1
Washington 8,Kim Schrier,Democratic,423,https://en.wikipedia.org/wiki/Washington%27s_8th_congressional_district,https://en.wikipedia.org/wiki/Kim_Schrier,Yea,,-1,Nay,1,,,0
Washington 9,Adam Smith,Democratic,424,https://en.wikipedia.org/wiki/Washington%27s_9th_congressional_district,https://en.wikipedia.org/wiki/Adam_Smith_(Washington_politician),Nay,,1,Nay,1,,,2
Washington 10,Marilyn Strickland,Democratic,425,https://en.wikipedia.org/wiki/Washington%27s_10th_congressional_district,https://en.wikipedia.org/wiki/Marilyn_Strickland,Nay,,1,Nay,1,,,2
West Virginia 1,Carol Miller,Republican,426,https://en.wikipedia.org/wiki/West_Virginia%27s_1st_congressional_district,https://en.wikipedia.org/wiki/Carol_Miller_(politician),Yea,,-1,Yea,-1,,,-2
West Virginia 2,Riley Moore,Republican,427,https://en.wikipedia.org/wiki/West_Virginia%27s_2nd_congressional_district,https://en.wikipedia.org/wiki/Riley_Moore,Yea,,-1,Yea,-1,,,-2
Wisconsin 1,Bryan Steil,Republican,428,https://en.wikipedia.org/wiki/Wisconsin%27s_1st_congressional_district,https://en.wikipedia.org/wiki/Bryan_Steil,Yea,,-1,Yea,-1,,,-2
Wisconsin 2,Mark Pocan,Democratic,429,https://en.wikipedia.org/wiki/Wisconsin%27s_2nd_congressional_district,https://en.wikipedia.org/wiki/Mark_Pocan,Nay,,1,Nay,1,,,2
Wisconsin 3,Derrick Van Orden,Republican,430,https://en.wikipedia.org/wiki/Wisconsin%27s_3rd_congressional_district,https://en.wikipedia.org/wiki/Derrick_Van_Orden,Yea,,-1,Yea,-1,,,-2
Wisconsin 4,Gwen Moore,Democratic,431,https://en.wikipedia.org/wiki/Wisconsin%27s_4th_congressional_district,https://en.wikipedia.org/wiki/Gwen_Moore,Nay,,1,Nay,1,,,2
Wisconsin 5,Scott Fitzgerald,Republican,432,https://en.wikipedia.org/wiki/Wisconsin%27s_5th_congressional_district,https://en.wikipedia.org/wiki/Scott_L._Fitzgerald,Yea,,-1,Yea,-1,,,-2
Wisconsin 6,Glenn Grothman,Republican,433,https://en.wikipedia.org/wiki/Wisconsin%27s_6th_congressional_district,https://en.wikipedia.org/wiki/Glenn_Grothman,Yea,,-1,Yea,-1,,,-2
Wisconsin 7,Tom Tiffany,Republican,434,https://en.wikipedia.org/wiki/Wisconsin%27s_7th_congressional_district,https://en.wikipedia.org/wiki/Tom_Tiffany,Yea,,-1,Yea,-1,,,-2
Wisconsin 8,Tony Wied,Republican,435,https://en.wikipedia.org/wiki/Wisconsin%27s_8th_congressional_district,https://en.wikipedia.org/wiki/Tony_Wied,Yea,,-1,Yea,-1,,,-2
Wyoming at-large,Harriet Hageman,Republican,436,https://en.wikipedia.org/wiki/Wyoming%27s_at-large_congressional_district,https://en.wikipedia.org/wiki/Harriet_Hageman,Yea,,-1,Yea,-1,,,-2